Time (s),Linear Acceleration x (m/s^2),Linear Acceleration y (m/s^2),Linear Acceleration z (m/s^2),Absolute acceleration (m/s^2)
0.006666875,0.003587952,-0.068757053,-0.001356554,0.068863967
0.016688875,0.002667532,-0.044480418,0.039509051,0.059553241
0.026709875,0.045060873,-0.015674521,0.045197223,0.065718809
0.036731875,-0.045511639,-0.003448989,0.004028732,0.045819597
0.046752875,-0.014264543,0.01729558,0.038751252,0.044769117
0.056774875,0.034439438,0.058692268,0.004318753,0.068187307
0.066795875,0.000604908,0.072807583,0.013446842,0.074041391
0.076817875,-0.021327979,0.072815221,0.023773025,0.079511608
0.086838875,0.016144807,0.074456462,0.043978078,0.087968692
0.096860875,-0.059036915,0.163461033,0.015833091,0.174515196
0.106881875,-0.068322805,0.326507353,0.037386512,0.335667705
0.116903875,0.118231779,0.181460188,0.016730053,0.217224419
0.126924875,-0.072417368,0.0191817,0.010743674,0.075681169
0.136946875,-0.115925564,-0.10194055,0.036937446,0.158729288
0.146967875,0.033115477,-0.141743542,0.029599775,0.148539602
0.156989875,0.062489111,-0.132806895,0.065226275,0.160614531
0.167010875,0.002075556,-0.053714798,0.020319074,0.057466966
0.177032875,-0.000455681,0.052537662,0.009690006,0.053425741
0.187053875,0.022614024,0.039519677,0.010588723,0.046747406
0.197075875,-0.032633466,-0.079700308,0.034538918,0.092790189
0.207096875,-0.025728133,-0.215996457,0.035586154,0.220415019
0.217118875,0.001462179,-0.228586444,0.045765572,0.233127407
0.227139875,-0.030371388,-0.138599111,0.018821018,0.143130589
0.237161875,-0.010257336,0.017423816,0.029896814,0.036091852
0.247182875,0.004772283,0.095024965,0.021363972,0.097513784
0.257204875,0.037912131,0.106565569,0.010288176,0.113575511
0.267225875,-0.018265107,0.089270273,0.021216037,0.09355702
0.277247875,-0.063225399,0.023710852,0.035885532,0.076468471
0.287268875,-0.062862616,-0.064066179,0.052501565,0.103983643
0.297290875,-0.108987038,-0.235838325,0.012084441,0.260084455
0.307312875,0.138766981,-0.199024968,0.023312849,0.243743106
0.317333875,0.13923527,-0.114191837,0.049662741,0.186795674
0.327355875,0.00744943,-0.066083377,0.045325277,0.080479112
0.337376875,0.004533789,0.044937634,0.036343954,0.057972659
0.347398875,0.011945487,0.266833337,0.000716284,0.267101549
0.357419875,0.099661954,0.445804183,-0.006469359,0.456854164
0.367441875,-0.199791483,0.546459652,0.001613247,0.58183966
0.377462875,-0.013045764,0.703887382,0.039031334,0.705089415
0.387484875,0.101754224,0.550192039,0.071361174,0.564054624
0.397505875,-0.290713768,0.592982731,0.105037628,0.668712133
0.407527875,-0.222040267,0.995925252,0.092446234,1.024556145
0.417548875,0.524759794,1.587852341,0.086594925,1.674558622
0.427570875,0.126793272,2.423778477,0.109796677,2.429574849
0.437591875,0.149991095,3.870957919,0.040641657,3.874075926
0.447613875,-0.007521634,5.377389536,0.002008519,5.377395171
0.457634875,0.259339802,6.366585227,-0.012664484,6.371877665
0.467656875,0.011694747,7.7065051,0.070113378,7.70683291
0.477677875,-0.257878217,9.784293301,0.034778654,9.787752864
0.487699875,0.416638491,9.809532223,0.196287521,9.820338021
0.497720875,0.084696864,9.050074219,0.153347908,9.051769579
0.507742875,-0.086141017,8.345337968,0.037345582,8.345866088
0.517763875,-0.134059497,7.48147442,0.086589078,7.483176406
0.527785875,0.152840589,6.476165557,0.139744946,6.479475999
0.537806875,-0.006487769,5.532071194,0.082103094,5.532684222
0.547828875,-0.098162709,4.397452326,0.202273901,4.403196294
0.557849875,0.030878858,3.258375248,0.196561756,3.264444713
0.567871875,0.24672966,2.094171223,-0.032473682,2.108905682
0.577892875,0.318554445,0.897966921,-0.104012026,0.958457108
0.587914875,0.006437698,-0.444877802,-0.149039095,0.469223139
0.597935875,-0.129997327,-1.606128106,0.035408399,1.611769385
0.607957875,-0.167780298,-2.769087551,0.071486304,2.775086735
0.617978875,-0.354127041,-4.022584699,0.234350556,4.044936811
0.628000875,-0.143569299,-5.147027366,0.021327719,5.149073481
0.638021875,-0.016935935,-6.103973908,0.004838571,6.103999321
0.648043875,0.071484783,-7.174035423,-0.27898937,7.179814022
0.658064333,0.056622559,-8.196731567,-0.083343873,8.197350834
0.668086333,0.058932191,-8.832067215,-0.137073353,8.833327425
0.678107333,0.033019693,-9.409841119,-0.008177331,9.409902606
0.688129333,-0.181761429,-10.0603345,-0.020441866,10.06199709
0.698150333,-0.288449452,-10.64597525,-0.02117803,10.64990332
0.708172333,-0.222182135,-10.90112435,-0.147819951,10.9043903
0.718193333,-0.247970768,-10.94448848,-0.089143142,10.94766021
0.728215333,-0.264298679,-10.73191997,-0.047234977,10.73527788
0.738236333,-0.0583903,-10.51958301,-0.024648938,10.51977394
0.748258333,0.030576954,-10.30284544,0.030435927,10.30293576
0.758279333,-0.053536773,-9.914742343,-0.056544914,9.915048121
0.768301333,-0.092908164,-9.323608137,-0.06808264,9.324319592
0.778323333,-0.096703966,-8.642593455,-0.188873836,8.645197893
0.788344333,-0.054268502,-7.863829114,-0.103555943,7.864698166
0.798366333,-0.058645029,-7.103295223,-0.145745358,7.105032299
0.808387333,-0.352638596,-6.303693745,0.030762202,6.313624563
0.818409333,-0.259412198,-5.320727677,0.039746448,5.327196025
0.828430333,0.111114913,-4.255966664,0.193016589,4.26179002
0.838452333,0.415160424,-3.084432277,-0.042005228,3.112530335
0.848473333,0.567106865,-1.740103896,0.081473933,1.831996116
0.858495333,0.113177655,-0.478444401,-0.167023376,0.519244677
0.868516333,-0.535184466,0.56090169,0.009909276,0.775326584
0.878538333,-1.023456867,1.675840657,0.019060169,1.963738566
0.888559333,-0.417463241,2.804457651,0.013238681,2.835389486
0.898581333,0.684064444,3.928607664,0.094685133,3.988842892
0.908602333,0.879062215,4.988071393,0.115804106,5.066262645
0.918624333,0.537969349,5.99024381,0.100401955,6.015190144
0.928645333,-0.10232938,6.897830497,0.122110913,6.899670133
0.938667333,-0.627208384,7.782297294,0.156375597,7.809096929
0.948688333,-0.264426715,8.520023535,0.035251109,8.5241988
0.958710333,0.330724803,9.121653494,0.169228946,9.129215728
0.968731333,0.55209052,9.678949864,0.068340502,9.694923663
0.978753333,0.154627754,10.08297258,0.180310589,10.08577006
0.988774333,-0.490083795,10.45156235,0.123578564,10.46377605
0.998796333,-0.170772392,10.49963348,0.086892548,10.50138166
1.008817333,0.656239445,10.3017789,0.177301027,10.32418202
1.018839333,0.435590705,10.18087252,0.114150513,10.19082601
1.028860333,-0.132094613,9.945847192,0.104876245,9.947277234
1.038882333,-0.384178112,9.617006215,0.049939899,9.624806251
1.048903333,-0.069066905,9.041265973,0.11851429,9.042306469
1.058925333,0.200138954,8.466829076,0.099372261,8.469777154
1.068946333,0.260764604,7.777002055,0.128871464,7.782439656
1.078968333,0.120505633,6.944829247,0.188893717,6.948442683
1.088989333,-0.038284069,6.075323721,0.082018309,6.075997942
1.099011333,-0.053612339,5.027310888,0.107281789,5.028741237
1.109032333,0.124219601,4.005340383,0.144229175,4.009860864
1.119054333,0.137947795,2.899367609,0.004250341,2.902650546
1.129075333,0.180099632,1.769810968,-0.041567856,1.779436603
1.139097333,0.264599993,0.629580746,-0.056988718,0.685297589
1.149118333,0.086443811,-0.620596572,-0.029426113,0.627278673
1.159140333,-0.092726443,-1.702554539,-0.001559452,1.705078469
1.169161333,-0.323567921,-2.792222352,0.094399788,2.812492344
1.179183333,-0.333874187,-3.878884404,0.046497644,3.89350462
1.189204333,-0.065581923,-4.911518476,0.047077103,4.912181896
1.199226333,0.030282177,-5.875723168,0.000365451,5.875801212
1.209247333,0.077587052,-6.742215039,-0.136458226,6.744042128
1.219269333,0.137021706,-7.621736845,-0.057435445,7.623184788
1.229290333,0.083672761,-8.372045125,-0.079741403,8.37284297
1.239312333,0.046298039,-9.014838313,-0.045024145,9.015069633
1.249333333,-0.127827151,-9.591280221,-0.066571135,9.592362992
1.259355333,-0.428052475,-9.784021406,-0.096955022,9.793860529
1.269377333,-0.336074494,-10.10045108,-0.072718313,10.1063023
1.279398333,-0.107384527,-10.22872379,-0.062690338,10.22947955
1.289420333,0.057106558,-9.997667556,-0.029902076,9.997875367
1.299441333,0.022156347,-9.722935544,-0.046973022,9.723074254
1.309463333,-0.102244742,-9.425657837,-0.039788548,9.426296345
1.319484333,-0.227868771,-9.086514067,-0.09113061,9.089827658
1.329506333,-0.098540056,-8.600247334,-0.058652835,8.60101183
1.339527333,-0.036405185,-8.046985543,-0.128999518,8.048101798
1.349549333,-0.091819193,-7.40235633,-0.013567879,7.402938207
1.359570333,-0.219445894,-6.616247302,-0.076866328,6.620331812
1.369592333,-0.183878377,-5.771631619,-0.038988649,5.774691587
1.379613333,0.013188258,-4.759832054,0.083468419,4.760582117
1.389635333,0.303681869,-3.867958297,0.001899176,3.879861811
1.399656333,0.378796883,-2.756462243,0.051868311,2.782851325
1.409678333,0.188222493,-1.601947931,0.079850162,1.614943011
1.419699333,-0.269458646,-0.450756007,-0.034076988,0.526260564
1.429721333,-0.496855602,0.604671059,-0.001289896,0.782620114
1.439742333,-0.495651697,1.681221265,-0.034055353,1.753093071
1.449764333,0.025078342,2.638111382,0.012203139,2.638258802
1.459785333,0.423629568,3.701826329,0.048161176,3.726298388
1.469807333,0.490232168,4.708093551,0.135160729,4.735476838
1.479828333,0.378108154,5.632021744,0.165700736,5.647131257
1.489850333,-0.171297764,6.456610714,0.141761066,6.460438145
1.499871333,-0.248548637,7.345027304,0.188160476,7.351639742
1.509893333,-0.007938555,8.020231023,0.059246328,8.020453779
1.519914333,0.017606551,8.577590543,0.126290503,8.578538267
1.529936333,0.29837543,9.081844481,0.062669873,9.08696069
1.539957333,0.260696867,9.411536812,0.118945815,9.415898052
1.549979333,-0.056152169,9.692442314,0.095588527,9.693076304
1.560000333,-0.142284958,9.795219408,0.138548021,9.797232457
1.570022333,0.152475641,9.671273054,0.080912601,9.672813353
1.580043333,0.093045043,9.451679701,0.119391373,9.452891666
1.590065333,0.115553041,9.272276015,0.082277341,9.273361018
1.600086333,0.053691966,8.924153261,0.055181344,8.924485376
1.610108333,0.012091946,8.45875524,0.113276355,8.459522325
1.620129333,0.042943436,7.895173699,0.106695898,7.896011391
1.630151333,-0.037507015,7.217603611,0.155948165,7.219385604
1.640172333,-0.085071287,6.426864758,0.131693915,6.428776791
1.650194333,0.053736844,5.607114944,0.11806464,5.60861524
1.660215333,0.091044272,4.681888669,0.096643365,4.683770971
1.670237333,0.129451242,3.671395372,0.135987525,3.676192896
1.680258333,0.20867757,2.707909011,0.004988844,2.715942273
1.690280333,0.318559963,1.592984588,0.036725777,1.624939732
1.700301333,0.329523566,0.524229598,-0.087798282,0.625388671
1.710323333,0.193691942,-0.54192393,-0.020121439,0.575849795
1.720344333,-0.305500061,-1.592974063,-0.048991481,1.622743608
1.730366333,-0.468918592,-2.643579699,0.111190068,2.687147465
1.740387333,-0.42895386,-3.65299243,0.026598984,3.678187409
1.750409333,-0.12136574,-4.736136797,0.052025601,4.737977213
1.760430333,0.151281283,-5.493700595,0.075515036,5.496301919
1.770452333,0.146893404,-6.338091161,-0.110853269,6.340762232
1.780473333,0.186002872,-7.145338458,-0.117606218,7.148726458
1.790495333,0.247330352,-7.820384887,-0.090649969,7.824820094
1.800516333,-0.014199438,-8.410143828,-0.049921773,8.410303979
1.810538333,-0.356564124,-9.062049317,-0.039140092,9.069145921
1.820560333,-0.257890825,-9.30583494,-0.043629584,9.309509931
1.830581333,-0.22577397,-9.468331987,-0.064736279,9.471244653
1.840603333,-0.173801286,-9.601632131,-0.107701035,9.603808931
1.850624333,-0.033087,-9.420639757,-0.073728127,9.420986361
1.860646333,-0.010464588,-9.223922465,-0.048730695,9.224057125
1.870667333,-0.101416429,-9.038624786,-0.074930314,9.039504293
1.880689333,-0.064618814,-8.597671051,-0.021497873,8.597940756
1.890710333,-0.046385199,-8.182552069,-0.041993533,8.182791297
1.900732333,-0.055886024,-7.636344359,-0.074474232,7.636911995
1.910753333,-0.13140255,-6.93853238,-0.068016567,6.940109832
1.920775333,-0.262396287,-6.240142697,-0.098087043,6.24642728
1.930796333,-0.184791475,-5.417345315,-0.001224407,5.420496255
1.940818333,0.106857994,-4.526118844,0.09114055,4.528297365
1.950839333,0.496732006,-3.488709936,0.051612788,3.524273484
1.960861333,0.398175542,-2.388116016,0.093360738,2.422882188
1.970882333,-0.055043802,-1.489421921,0.024494571,1.49063995
1.980904333,-0.780534658,-0.388329123,-0.08315033,0.875755581
1.990925333,-0.303436432,0.652276933,-0.024339035,0.719813347
2.000947333,-0.087336297,1.710616242,-0.018322835,1.712942288
2.010968333,0.23376408,2.660691867,0.023758407,2.671046859
2.020990333,0.318176496,3.631442225,0.060612822,3.645858312
2.031011333,0.091241908,4.558658015,0.143271986,4.561821439
2.041033333,0.23722026,5.456450908,0.176964812,5.464471293
2.051054333,-0.038215579,6.211665003,0.050924571,6.211991295
2.061076333,0.041972049,6.952837009,0.179952739,6.955292022
2.071097333,0.098996065,7.678798653,0.114826452,7.680295182
2.081119333,-0.006043911,8.326746161,0.085633643,8.327188678
2.091140333,-0.082905332,8.69309878,0.073951491,8.693808631
2.101162333,0.143836635,8.906432689,0.122741827,8.908439694
2.111183333,0.247721165,9.212457245,0.071400935,9.216063821
2.121205333,0.027301906,9.237869829,0.146692023,9.239074787
2.131226333,-0.006502154,9.168395551,0.12438548,9.169241572
2.141248333,0.173871891,9.034325913,0.052226161,9.036149828
2.151269333,0.095630079,8.784049296,0.116152015,8.785337696
2.161291333,0.013006419,8.438975279,0.098947168,8.43956536
2.171312333,-0.032618441,7.998166555,0.062877449,7.998480217
2.181334333,-0.054839304,7.38227056,0.130250237,7.383623168
2.191355333,0.048760315,6.723345489,0.145671684,6.725100176
2.201377333,0.135120483,6.034687911,0.109299663,6.037189921
2.211398333,0.107529547,5.156375309,0.126496909,5.159047432
2.221420333,0.070615311,4.307095887,0.137552825,4.309870332
2.231441333,0.059228846,3.396625061,0.026757444,3.3972468
2.241463333,0.18131525,2.396019259,0.02044362,2.402956814
2.251484333,0.299838549,1.404317597,0.0430396,1.436615285
2.261506333,0.193259815,0.267394908,-0.069351486,0.337133536
2.271527333,-0.037324194,-0.753982159,-0.005563626,0.754925921
2.281549333,-0.367420613,-1.651797784,-0.029035519,1.692417468
2.291570333,-0.345146778,-2.69915836,0.032626879,2.721331782
2.301592333,-0.029439648,-3.626842512,0.033505715,3.627116752
2.311613333,0.11189199,-4.516006085,0.092948509,4.518348172
2.321635333,-0.030802118,-5.509879256,0.024070648,5.51001793
2.331656333,-0.008214694,-6.210203199,-0.074908095,6.21066039
2.341678333,0.106845066,-6.816779902,-0.067423074,6.81795057
2.351699333,0.022093645,-7.425786708,-0.099152405,7.426481506
2.361721333,-0.033301634,-7.966888044,-0.085994416,7.967421738
2.371742333,-0.127470471,-8.411489857,-0.026420644,8.412497156
2.381764333,-0.180300484,-8.688345578,-0.058755162,8.690414796
2.391785333,-0.225610705,-9.006273311,-0.035701929,9.009169428
2.401807333,-0.162863996,-9.023590425,-0.059653879,9.025257195
2.411828333,0.017621827,-8.787741812,-0.068184966,8.788024003
2.421850333,-0.043749027,-8.554536141,-0.061748351,8.55487086
2.431871333,-0.137521286,-8.356520183,-0.053963369,8.357825897
2.441893333,-0.078385644,-8.052615243,-0.055015283,8.053184664
2.451914333,-0.138980596,-7.610718352,-0.05470538,7.612183794
2.461936333,-0.069829925,-7.129621142,-0.049596083,7.130135596
2.471957333,-0.173613992,-6.452897732,-0.063066899,6.455540906
2.481979333,-0.118140251,-5.75686623,-0.05707818,5.758361211
2.492000333,0.060849333,-4.986211978,0.038582852,4.986732514
2.502022333,0.286626729,-4.097173828,0.077342291,4.107915541
2.512043333,0.128251823,-3.207141652,0.013859655,3.209734911
2.522065333,-0.149680882,-2.261182905,0.092277834,2.268009632
2.532086333,-0.110979139,-1.264700852,-0.051884099,1.270620546
2.542108333,-0.252229953,-0.382289498,-0.029291627,0.458937042
2.552129333,-0.169358718,0.620913199,-0.028395249,0.644221907
2.562151333,0.02143211,1.654456659,0.03615275,1.65499039
2.572173333,0.048134302,2.618075021,0.019096422,2.6185871
2.582194333,0.115131987,3.593847259,0.044569817,3.595967181
2.592216333,0.096263186,4.397671596,0.105811214,4.39999751
2.602237333,0.331797219,5.26906168,0.097742057,5.280402815
2.612259333,0.193865038,5.957276623,0.13620738,5.961986319
2.622280333,-0.200124062,6.728690429,0.114506024,6.732639613
2.632302333,-0.153703583,7.310250989,0.091139966,7.31243467
2.642323333,0.017024424,7.71111446,0.084691072,7.711598318
2.652344875,0.254552138,8.187533897,0.19397027,8.193786217
2.662365875,0.233188532,8.432147486,0.002372215,8.435371583
2.672387875,-0.074677792,8.651337966,0.146821831,8.652905987
2.682408875,0.017874819,8.799711063,0.099526627,8.800292032
2.692430875,0.233747927,8.665136225,0.114644018,8.669046496
2.702451875,-0.091866893,8.434790427,0.103572316,8.435926523
2.712473875,0.036026144,8.1933548,0.083228098,8.193856703
2.722494875,0.114493041,7.860194485,0.074254376,7.861378996
2.732516875,-0.026722557,7.454692419,0.115424622,7.455633843
2.742537875,-0.100853799,6.848354867,0.147908828,6.850694336
2.752559875,-0.077783975,6.133062637,0.119150468,6.134713073
2.762580875,0.272059085,5.616437745,0.104317836,5.623990692
2.772602875,0.171948577,4.806568849,0.133183785,4.811487123
2.782623875,-0.005994625,4.010413135,0.105617672,4.011808139
2.792645875,0.009661994,3.065615352,0.022211818,3.065711044
2.802666875,0.217496359,2.204660064,0.03986807,2.21572113
2.812688875,0.278202188,1.12811998,-0.017317699,1.162046062
2.822709875,0.247473024,0.000440094,-0.054124167,0.253322949
2.832731875,-0.142728414,-0.756690809,-0.038249561,0.770983404
2.842752875,-0.394792672,-1.619619386,-0.024610931,1.667223413
2.852774875,-0.296523616,-2.557509269,0.064305924,2.575444654
2.862795875,-0.244961645,-3.454369531,0.074790566,3.463851714
2.872817875,0.059305855,-4.256943734,0.062500303,4.25781557
2.882838875,0.180268471,-5.062498847,0.054252806,5.065997894
2.892860875,0.088782469,-5.868330533,-0.088712786,5.869672523
2.902881875,0.063101831,-6.69296628,-0.080644798,6.693749551
2.912903875,0.054458107,-7.199696513,-0.06732601,7.200217244
2.922924875,-0.093119157,-7.541007262,0.012908898,7.541593223
2.932946875,-0.278846716,-7.921262221,-0.076762832,7.92654043
2.942967875,-0.123872843,-8.259381559,-0.062397977,8.260546091
2.952989875,-0.086668563,-8.399003128,-0.089339023,8.399925384
2.963010875,-0.158636057,-8.411730178,-0.094426686,8.413755784
2.973032875,-0.121773903,-8.268985026,-0.050420541,8.270035337
2.983053875,0.02891672,-8.158632864,-0.040841047,8.15878633
2.993075875,-0.064388607,-7.885841542,0.04733555,7.88624647
3.003096875,-0.094641023,-7.568947597,-0.115231664,7.570416302
3.013118875,-0.047988638,-7.059812989,0.004374887,7.059977442
3.023139875,-0.277489322,-6.563411277,-0.137811272,6.570719889
3.033161875,-0.296675845,-6.015089214,-0.037215189,6.022516067
3.043182875,-0.029943728,-5.326553843,-0.028074821,5.326711994
3.053204875,0.097977809,-4.556466478,0.107244367,4.558781391
3.063225875,0.214272186,-3.742446644,-0.016406702,3.74861156
3.073247875,0.365545265,-2.788117607,0.035373316,2.812200989
3.083268875,0.174765017,-1.81874807,0.028619197,1.827349559
3.093290875,-0.18581291,-1.066583371,-0.036656195,1.083268296
3.103311875,-0.837053114,-0.167940804,0.012572683,0.853826739
3.113333875,-0.241817652,0.745279748,-0.071703236,0.786803046
3.123354875,0.109983367,1.656579783,0.06678105,1.661569326
3.133376875,0.246558684,2.55454093,0.013802353,2.566449113
3.143397875,0.252520377,3.397452734,0.054383199,3.407258304
3.153419875,-0.177014769,4.133440306,0.039281595,4.137415382
3.163440875,0.214044419,4.987152795,0.166376674,4.994515914
3.173462875,0.315581355,5.645582022,0.118929443,5.655646044
3.183483875,-0.078295022,6.402744409,0.149756548,6.40497409
3.193505875,-0.231298145,6.929036502,0.084784627,6.933414319
3.203526875,0.112791255,7.273863181,0.092091892,7.275320499
3.213548875,0.227631484,7.730332503,0.090751711,7.734215705
3.223569875,0.118942307,7.947347234,0.112596323,7.949034738
3.233591875,-0.034999341,8.161162954,0.080563522,8.161635632
3.243612875,-0.105764683,8.210369028,0.127263479,8.212036394
3.253634875,0.107916203,8.069270452,0.087747996,8.070469084
3.263655875,0.091251118,7.819259883,0.114098473,7.820624677
3.273677875,0.012889835,7.556003616,0.115305923,7.556894352
3.283698875,-0.042547813,7.184974979,0.086864482,7.185626013
3.293720875,-0.029246558,6.779988636,0.087165613,6.780612001
3.303741875,0.021388014,6.229328856,0.157674848,6.231360751
3.313763875,0.090985197,5.753471922,0.084168915,5.754806849
3.323784875,0.008200647,5.092180483,0.138343368,5.09406598
3.333806875,0.019910706,4.485069344,0.058378016,4.485493446
3.343827875,0.135429902,3.617464748,0.080662925,3.620897536
3.353849875,0.134435089,2.798117515,0.054164513,2.801868701
3.363870875,0.144936944,1.837270295,0.049061063,1.843631157
3.373892875,0.186261246,0.987187904,-0.038805047,1.005355181
3.383913875,0.221198341,0.099744326,-0.029056569,0.244380688
3.393935875,-0.171884094,-0.728180297,-0.018105319,0.748410642
3.403956875,-0.610402171,-1.635293725,-0.040103713,1.745962395
3.413978875,-0.280529709,-2.441585003,0.086084463,2.459155297
3.423999875,0.096007663,-3.252430092,0.102855447,3.255472042
3.434021875,0.04162715,-4.019653782,-0.000431525,4.019869343
3.444042875,0.017951148,-4.774615277,-0.034866362,4.774776325
3.454064875,0.077057933,-5.472855272,0.005382362,5.47340038
3.464085875,0.032552212,-6.061238363,-0.09431325,6.06205948
3.474107875,0.027003049,-6.630488781,-0.048820742,6.630723498
3.484128875,-0.034020412,-7.114562808,-0.046874789,7.114798562
3.494150875,-0.205312717,-7.468676035,0.011955217,7.471507074
3.504171875,-0.207541219,-7.726977956,-0.065146168,7.730039179
3.514193875,-0.146832484,-7.93762273,-0.096277329,7.939564453
3.524214875,-0.087911462,-7.952609729,-0.078166164,7.953479733
3.534236875,-0.116833673,-7.756352613,-0.081159353,7.757657043
3.544257875,-0.079035243,-7.577395654,-0.013650325,7.577820122
3.554279875,0.010225122,-7.311356698,-0.012298449,7.311374191
3.564300875,0.002876615,-7.039849425,-0.038338439,7.039954406
3.574322875,-0.072480217,-6.625247337,-0.071561149,6.626030233
3.584343875,-0.107972985,-6.173554021,-0.066612065,6.174857454
3.594365875,-0.217763906,-5.501551067,-0.041749704,5.506017463
3.604386875,-0.174060683,-4.930310258,-0.011509075,4.933395263
3.614408875,0.003967624,-4.267555553,0.069921005,4.268130163
3.624429875,0.123659356,-3.480617682,0.02651303,3.482914588
3.634451875,0.078610397,-2.720933684,0.06781016,2.722913499
3.644472875,0.075270408,-1.857004355,0.017651575,1.858613028
3.654495208,-0.026432649,-1.011536587,-0.050326985,1.013132645
3.664516208,-0.116479825,-0.160003684,-0.022497162,0.199185469
3.674538208,-0.225187202,0.793604501,0.010891609,0.82500667
3.684559208,-0.358381329,1.60389944,0.007310774,1.643467078
3.694581208,-0.083102008,2.430675706,0.043832483,2.432490826
3.704603208,0.451330387,3.284205616,0.043265887,3.31535482
3.714624208,0.354705916,3.956940933,0.07067588,3.973435907
3.724645208,-0.15656057,4.671500798,0.107371836,4.675356632
3.734667208,-0.092877831,5.348346416,0.128477946,5.350695493
3.744688208,0.180558347,6.04041409,0.132963345,6.04457467
3.754710208,-0.080336321,6.57541678,0.095546427,6.576601621
3.764731208,-0.063613764,6.891658176,0.130108734,6.893179775
3.774753208,0.248813059,7.261879313,0.04343955,7.266270439
3.784775208,0.149474859,7.473539749,0.103472328,7.475750506
3.794796208,-0.096669075,7.642997906,0.091639903,7.644158539
3.804818208,-0.107171533,7.692634335,0.134898773,7.694563433
3.814839208,0.184651251,7.540847633,0.12666414,7.544171453
3.824861208,0.164104209,7.425040603,0.060359638,7.427099127
3.834882208,-0.098090076,7.180254521,0.117241352,7.181881522
3.844904208,-0.0722635,6.833829798,0.058712477,6.834464052
3.854925208,0.074467918,6.453577178,0.138180816,6.455485869
3.864947208,0.148661338,5.933769647,0.06692723,5.936008901
3.874968208,0.015990125,5.374095215,0.134574838,5.375803702
3.884990208,-0.013379023,4.725871133,0.084701596,4.726649059
3.895011208,0.019616545,4.017012595,0.116560736,4.018751224
3.905033208,0.00756521,3.298865755,0.066249538,3.299539589
3.915054208,0.077536455,2.58190853,0.022363261,2.583169308
3.925076208,0.224657974,1.772025747,0.036877804,1.786590727
3.935097208,0.208854247,0.958939639,-0.049931713,0.982689424
3.945119208,0.058962199,0.135887684,0.011001536,0.148536316
3.955140208,-0.269120622,-0.720674299,-0.04766124,0.770758684
3.965162208,-0.44121094,-1.599547942,0.022551541,1.659436435
3.975183208,-0.260866327,-2.408019207,0.023154974,2.422218796
3.985205208,-0.006203603,-3.176667718,0.078985943,3.177655591
3.995226208,0.035697562,-3.871392075,-0.03251812,3.871693213
4.005248208,0.049833466,-4.583194978,0.03317067,4.583585919
4.015269208,0.123355557,-5.241688524,-0.019969996,5.243177851
4.025291208,0.028444379,-5.870488155,-0.044526547,5.870725924
4.035312208,0.03495651,-6.36543508,-0.041845014,6.3656686
4.045334208,-0.15312957,-6.964015716,-0.048441258,6.965867506
4.055355208,-0.153343651,-7.228418621,-0.046197097,7.230192543
4.065377208,-0.184347982,-7.585875871,-0.061322674,7.588363287
4.075398208,-0.245174575,-7.653139316,-0.043364705,7.657188287
4.085420208,-0.192856503,-7.549593313,-0.062229577,7.552312583
4.095441208,-0.145713948,-7.288097643,-0.044414865,7.289689465
4.105463208,0.04154317,-7.141934209,-0.041713452,7.142176845
4.115484208,0.002287426,-6.942844702,-0.05832773,6.943090084
4.125506208,-0.031980615,-6.654179944,-0.044244711,6.654403887
4.135527208,-0.175526945,-6.207616391,-0.044379782,6.210256076
4.145549208,-0.220552662,-5.725683614,-0.01293638,5.729944474
4.155570208,-0.129582302,-5.096008655,-0.026692539,5.097725794
4.165592208,0.053265494,-4.523738443,0.032733883,4.524170446
4.175613208,0.20839747,-3.805745969,-0.023232742,3.811518286
4.185635208,0.117287307,-3.101660221,-0.027438059,3.103998274
4.195656208,-0.004963098,-2.414885154,0.092459098,2.4166596
4.205678208,-0.127052523,-1.511827135,0.037353183,1.517616187
4.215699208,-0.275210625,-0.74657688,0.000665998,0.795687357
4.225721208,-0.321225745,0.024358377,0.005743135,0.322199152
4.235742208,-0.083672304,0.919131284,-0.00307739,0.922937073
4.245764208,-0.110862149,1.70991516,-0.043186365,1.714049397
4.255785208,0.272946382,2.452379694,0.08166046,2.468873087
4.265807208,0.378601293,3.230808257,0.053989096,3.253363761
4.275828208,-0.069074629,3.890647833,0.102054378,3.892598998
4.285850208,-0.201028188,4.545311453,0.092032835,4.550685506
4.295871208,0.208032549,5.198619688,0.106557904,5.203871519
4.305893208,0.168814232,5.68316734,0.101163847,5.686573958
4.315914208,-0.097920973,6.172754706,0.070040288,6.173928638
4.325936208,-0.158077081,6.585811375,0.070930819,6.588090089
4.335957208,0.080041092,7.036303673,0.128861523,7.037938708
4.345979208,0.208941243,7.074947922,0.094728402,7.0786664
4.356000208,0.03086392,7.254870256,0.103409178,7.255672847
4.366022208,-0.014677973,7.268266811,0.084996296,7.268778594
4.376043208,0.04376238,7.107366639,0.108355338,7.10832727
4.386065208,-0.060957241,6.956990871,0.091585523,6.957860711
4.396086208,0.047971727,6.734512501,0.124369107,6.735831618
4.406108208,0.089834255,6.405706608,0.103701539,6.407175771
4.416129208,0.116110939,6.037752437,0.041739764,6.039013036
4.426151208,-0.113129809,5.559902771,0.091879054,5.561812559
4.436172208,-0.074291154,4.992105387,0.089918482,4.993467803
4.446194208,-0.000840866,4.337857212,0.124779582,4.33965158
4.456215208,0.046042136,3.593101447,0.066384609,3.594009572
4.466237208,0.044011238,3.018583273,0.038974031,3.019155667
4.476258208,0.119938955,2.28771026,0.052880464,2.2914624
4.486280208,0.210757808,1.512734623,-0.007904266,1.527366155
4.496301208,0.151025824,0.610579597,-0.037983513,0.630126171
4.506323208,0.09631054,-0.22255241,-0.003096101,0.242517795
4.516344208,-0.100181387,-0.933857569,0.010548377,0.939275007
4.526366208,-0.401034575,-1.714618807,0.015796838,1.760964487
4.536387208,-0.306443984,-2.671455714,0.039297382,2.689261578
4.546409208,-0.068213545,-3.252820101,0.062500888,3.254135531
4.556430208,-0.004573957,-3.783944333,-0.032846734,3.784089659
4.566452208,0.009971398,-4.454389004,0.001562961,4.454400438
4.576473208,0.078624905,-4.997198312,0.0223656,4.997866851
4.586495208,0.038395171,-5.533824189,0.006191617,5.533960849
4.596516208,-0.007948906,-5.984894777,-0.03049323,5.984977737
4.606538208,-0.08998843,-6.358996711,-0.003703626,6.359634487
4.616559208,-0.22129979,-6.678058219,-0.100254605,6.68247605
4.626581208,-0.221358628,-6.86655491,-0.081549363,6.870605961
4.636602208,-0.100670626,-6.993492699,-0.101909367,6.99495963
4.646624208,-0.039063571,-7.015661833,0.014402862,7.01578537
4.6566455,-0.041738211,-6.871192337,-0.044276871,6.871461755
4.6666675,-0.04949245,-6.582232295,-0.047867061,6.582592403
4.6766885,-0.082982515,-6.196471013,-0.066571135,6.197384192
4.6867105,-0.139523464,-5.852096908,-0.092008862,5.854482953
4.6967315,-0.169799287,-5.624446092,-0.006221437,5.627012026
4.7067535,-0.084084021,-5.323382313,-0.036144564,5.324169025
4.7167745,-0.060474568,-4.828891179,0.042005228,4.829452519
4.7267965,-0.05506402,-4.321760119,0.015815549,4.32213983
4.7368185,0.113437701,-3.639265799,-0.008436947,3.641043099
4.7468395,0.192478754,-2.930589986,0.020013265,2.936972296
4.7568615,-0.060904301,-2.056928698,0.030034808,2.058049342
4.7668825,-0.096308722,-1.463439964,-0.004713441,1.466613144
4.7769045,-0.177898887,-0.778597914,0.005005217,0.79867877
4.7869255,-0.226723521,-0.072839478,0.041522833,0.241729788
4.7969475,-0.106137608,0.728649975,-0.04259989,0.737570829
4.8069685,-0.031395894,1.535624718,0.003215969,1.535948997
4.8169905,0.097261562,2.335093465,0.045746861,2.337565844
4.8270115,0.10224942,2.999516672,0.002189782,3.001259736
4.8370335,0.067856627,3.601657093,0.109530628,3.603961056
4.8470545,-0.0791456,4.19724337,0.088891127,4.198930526
4.8570765,0.257062421,4.808506324,0.11359035,4.816712252
4.8670975,0.050937887,5.393358282,0.059117104,5.393922789
4.8771195,-0.076506669,5.880350654,0.143837997,5.882607114
4.8871405,-0.128876534,6.211856791,0.015413845,6.213212659
4.8971625,0.141248767,6.404125521,0.14219376,6.407261035
4.9071835,0.164716595,6.691729594,0.09714681,6.694461443
4.9172055,-0.111036369,6.884322259,0.077535834,6.885654207
4.9272265,0.083542185,6.871004641,0.103433152,6.87229092
4.9372485,0.024115786,6.61972698,0.085920156,6.620328477
4.9472695,-0.022801441,6.536570218,0.122742412,6.537762295
4.9572915,0.020038559,6.28539313,0.107019249,6.286336092
4.9673125,0.076645741,6.00225633,0.089355395,6.003410698
4.9773345,0.089060769,5.601111608,0.057464681,5.602114356
4.9873555,-0.073323879,5.177819388,0.109844624,5.179503436
4.9973775,-0.147601274,4.687660456,0.064476662,4.690426838
5.0073985,-0.017125334,4.089882351,0.148430985,4.092610741
5.0174205,0.135683981,3.468435009,0.086593171,3.4721679
5.0274415,0.082670511,2.857363258,0.054843374,2.859084993
5.0374635,0.129631638,2.167923469,-0.037534447,2.172120016
5.0474845,0.214882727,1.445617066,-0.007752823,1.461520918
5.0575065,0.168569892,0.705660257,0.004529253,0.72552927
5.0675275,0.06736055,-0.063788381,0.016229532,0.09417961
5.0775495,-0.492002669,-0.859724011,0.022532246,0.990807602
5.0875705,-0.483238204,-1.545337236,-0.031797743,1.619443556
5.0975925,-0.124717053,-2.281783522,0.018056787,2.285260693
5.1076135,0.068289284,-3.080553819,0.037528015,3.081539162
5.1176355,0.036416811,-3.601742462,0.035141766,3.602097985
5.1276565,0.00502993,-4.178370312,-0.037015799,4.178537296
5.1376785,0.088642181,-4.806222109,0.018056787,4.807073376
5.1476995,0.054241618,-5.32522711,-0.001996824,5.325503724
5.1577215,-0.163461673,-5.748046875,-0.051254354,5.750599065
5.1677425,-0.279753345,-6.423401452,-0.035842263,6.429590408
5.1777645,0.012534443,-6.661881312,-0.007997237,6.661897904
5.1877855,-0.049965116,-6.742248368,-0.044968012,6.742583458
5.1978075,-0.191197611,-6.929332371,-0.065032148,6.932274722
5.2078285,0.03243012,-6.64712177,-0.064138693,6.64751031
5.2178505,0.077648338,-6.248100758,-0.030748753,6.248658882
5.2278715,-0.116366042,-6.200125523,-0.063367445,6.201541178
5.2378935,-0.344972969,-6.068273149,-0.038369429,6.078191965
5.2479145,-0.057782496,-5.771850305,0.007747561,5.77214473
5.2579365,0.097113097,-5.365982788,-0.066935416,5.36727888
5.2679575,0.099308197,-4.847398494,0.012409546,4.848431527
5.2779795,0.06164571,-4.297340977,0.016596737,4.297815157
5.2880005,-0.051677514,-3.682736047,0.009867176,3.683111825
5.2980225,-0.209900917,-3.155150549,-0.003762683,3.16212706
5.3080435,-0.192337983,-2.546978141,0.074670698,2.555321362
5.3180655,-0.088386822,-1.909597136,0.025559934,1.911812429
5.3280865,-0.0362471,-1.207834706,-0.018912819,1.208526468
5.3381085,0.089467571,-0.482469588,0.031824056,0.491725655
5.3481295,0.051176449,0.223811498,-0.013527533,0.229986108
5.3581515,-0.230365295,1.021623034,0.002045356,1.047275501
5.3681725,-0.360387947,1.690319971,0.02464426,1.728487321
5.3781945,-0.113688857,2.299214657,0.111767188,2.304735364
5.3882155,0.103808525,3.001258558,0.015825489,3.003095001
5.3982375,0.401659459,3.633065412,0.030960422,3.655332154
5.4082585,0.605329419,4.323773316,-0.005247291,4.36594399
5.4182805,0.091579274,4.741404554,0.124105398,4.743912526
5.4283015,-0.634103786,5.157234265,0.08863151,5.196826765
5.4383235,-0.087703283,5.645298432,0.156883135,5.648158866
5.4483445,0.412803594,6.012526964,0.076497368,6.02716676
5.4583665,0.138492783,6.230253886,0.049116027,6.231986531
5.4683875,-0.200473835,6.356933228,0.049563339,6.360286657
5.4784095,-0.121870199,6.51130206,0.106592402,6.513314733
5.4884305,0.227238917,6.329341387,0.149706847,6.3351884
5.4984525,0.164224131,6.111722639,0.138925166,6.115506797
5.5084735,-0.159083972,5.943445619,0.046273695,5.94575435
5.5184955,-0.143350723,5.735480039,0.045821121,5.737454164
5.5285165,0.091256846,5.452730325,0.084142018,5.454142984
5.5385385,0.14199183,5.024073869,0.081893179,5.026747101
5.5485595,0.043303552,4.583653692,0.168707374,4.586961799
5.5585815,-0.072300136,4.231168622,0.078737437,4.232518731
5.5686025,0.089663672,3.543823745,0.064053324,3.545536509
5.5786245,0.112207712,3.022652643,-0.025175772,3.024839399
5.5886455,0.156007697,2.389489089,0.077796035,2.39583988
5.5986675,0.159761482,1.632871955,0.014911569,1.640736696
5.6086885,0.140256614,1.137689387,0.097088923,1.150406588
5.6187105,-0.043144955,0.518355887,-0.060521606,0.5236575
5.6287315,-0.137404068,-0.330495702,-0.007386203,0.357996987
5.6387535,-0.454489564,-1.024739819,-0.038501576,1.121666096
5.6487745,-0.102344218,-1.652096576,-0.001506243,1.65526424
5.658796333,-0.042672642,-2.296323794,0.016465175,2.296779271
5.668817333,0.034550156,-2.994916375,0.100599591,2.996804646
5.678839333,0.03314909,-3.641419036,0.024392245,3.641651609
5.688860333,0.041869221,-4.03197445,-0.055698237,4.032576508
5.698882333,0.017725286,-4.604789038,-0.034295089,4.60495086
5.708903333,-0.008245515,-5.010991309,-0.027419933,5.011073112
5.718925333,-0.216120326,-5.488061541,0.02871743,5.492390387
5.728946333,-0.133544933,-5.767182473,-0.059608855,5.769036414
5.738968333,0.012104965,-6.068428684,0.011183969,6.068451063
5.748989333,0.027975044,-6.171508664,-0.033862395,6.171664967
5.759011333,-0.07299003,-6.207121131,-0.063054619,6.207870502
5.769032333,-0.175722114,-6.075668122,-0.09778825,6.078995306
5.779054333,-0.221257489,-5.911040935,-0.020544777,5.915216133
5.789075333,-0.012927079,-5.709319012,-0.054673221,5.709595419
5.799097333,0.073074828,-5.540525683,-0.010963529,5.541018406
5.809118333,0.076263438,-5.2699335,-0.015002786,5.270506644
5.819140333,0.008945262,-4.927395421,0.003717075,4.927404942
5.829161333,-0.121619427,-4.470816464,-0.025770434,4.472544606
5.839183333,-0.190525474,-3.864490021,-0.003915296,3.869185755
5.849204333,-0.149609162,-3.470596139,-0.024741324,3.473907396
5.859226333,-0.010492874,-2.920914014,0.016566331,2.920979839
5.869247333,0.055378545,-2.304099421,0.071341293,2.305868709
5.879269333,0.000749284,-1.670844796,0.013106534,1.670896369
5.889290333,0.051945997,-0.984208674,0.029563522,0.986021857
5.899312333,-0.070144099,-0.302907552,-0.008310063,0.311034141
5.909333333,-0.19320169,0.373483481,-0.001130852,0.420497423
5.919355333,-0.12481017,1.018951075,-0.029565861,1.026992217
5.929376333,-0.025815293,1.616768869,0.108307391,1.620598191
5.939398333,-0.070702248,2.278696193,0.052030279,2.280386436
5.949419333,-0.014924031,2.918709906,0.026732301,2.918870476
5.959441333,0.354117978,3.540430021,0.00623781,3.558101064
5.969462333,0.153516418,4.060219718,0.072713635,4.06377149
5.979484333,-0.126760217,4.47444583,0.105356886,4.477480733
5.989505333,0.146606379,4.952857706,0.092792389,4.955895813
5.999527333,0.058570102,5.361128429,0.084565356,5.362115235
6.009548333,-0.182959871,5.565718412,0.032473097,5.568819467
6.019570333,0.014468515,5.803343993,0.045938065,5.803543844
6.029591333,0.149970191,5.952567276,0.110457412,5.955480591
6.039613333,0.255755532,6.003586571,0.127077538,6.010375305
6.049634333,-0.198992553,5.858958031,0.089504499,5.863019555
6.059656333,-0.078995591,5.773110965,0.094140757,5.774418845
6.069677333,0.223166916,5.62098454,0.059560323,5.625728229
6.079699333,-0.063387107,5.338007369,0.124976633,5.339846417
6.089720333,-0.103345773,4.899477597,0.064951456,4.900997834
6.099742333,-0.099599726,4.605979823,0.072570378,4.607628099
6.109763333,0.149812079,4.180909465,0.086475057,4.184486294
6.119785333,0.22518775,3.756498088,0.089747744,3.764311632
6.129806333,0.129653684,3.277204744,0.082714713,3.280811292
6.139828333,-0.025572752,2.748441617,0.025226642,2.748676349
6.149849333,-0.028177504,2.181258483,-0.011462297,2.181470588
6.159871333,0.048626903,1.473697734,0.019968241,1.474634978
6.169892333,0.074389283,0.882673309,-0.011460543,0.88587656
6.179914333,0.07183795,0.176106697,-0.011902592,0.190567394
6.189935333,-0.191785074,-0.403958804,0.0149104,0.447422116
6.199957333,-0.33411871,-1.079478967,0.010567088,1.130053899
6.209978333,-0.302850432,-1.699663383,0.026297268,1.726634167
6.220000333,-0.023817464,-2.24485894,0.046805792,2.245473161
6.230021333,0.048555452,-2.907660423,0.0551983,2.908589627
6.240043333,-0.000291178,-3.453829833,-0.005275358,3.453833874
6.250064333,0.085975997,-3.870284904,-0.056622097,3.871653803
6.260086333,0.069043329,-4.470589592,0.010872313,4.471135928
6.270107333,-0.034958547,-5.045283474,-0.034630719,5.045523434
6.280129333,0.118709094,-5.235152507,-0.039279841,5.236645541
6.290150333,0.034888851,-5.585274425,-0.028953658,5.585458436
6.300172333,-0.141963352,-5.733884919,-0.017570298,5.735668973
6.310193333,-0.193435706,-5.845638074,-0.06337914,5.849181035
6.320215333,-0.263791068,-5.803510054,-0.058592609,5.809797567
6.330236333,-0.122674329,-5.45814894,-0.012483221,5.459541617
6.340258333,-0.033955435,-5.294821588,-0.060084234,5.295271357
6.350279333,0.030493421,-5.104085414,-0.019214535,5.104212668
6.360301333,0.005318175,-5.034374909,-0.015767602,5.03440241
6.370322333,0.006678311,-4.770112921,0.00998529,4.770128047
6.380344333,0.000622573,-4.403566175,-0.001086413,4.403566353
6.390365333,-0.008279539,-4.030339861,0.030939372,4.030467118
6.400387333,-0.049032868,-3.576202994,-0.032672487,3.576688352
6.410408333,-0.132755787,-2.997971545,0.022866122,3.000996559
6.420430333,-0.102683968,-2.409653066,0.009836186,2.411859997
6.430451333,-0.098336801,-1.943980957,0.052494548,1.947174303
6.440473333,-0.098378618,-1.412728086,0.044714828,1.416855114
6.450494333,-0.02559112,-0.764815076,-0.022208894,0.765565309
6.460516333,0.111845897,-0.146944111,0.005028605,0.184735929
6.470537333,0.035710641,0.518752694,0.043352426,0.521784476
6.480559333,-0.151854401,1.154581409,-0.033130909,1.164995985
6.490580333,-0.159062758,1.694705675,0.044721844,1.702741416
6.500602333,-0.104141012,2.226032806,0.04652688,2.228953152
6.510623333,0.106150408,2.792160079,0.020331354,2.794251095
6.520645333,0.380945369,3.347042719,0.0297787,3.368783327
6.530666333,-0.035601554,3.839750744,0.088321608,3.840931391
6.540688333,-0.300018918,4.330409905,0.052107462,4.341103142
6.550709333,0.175833065,4.744256533,0.110336375,4.748795788
6.560731333,0.22396327,5.026574138,0.126215073,5.033143884
6.570752333,-0.068784306,5.219483723,0.098227376,5.220861062
6.580774333,-0.044699977,5.391161483,0.068583747,5.391783003
6.590795333,-0.00611696,5.510997829,0.082358032,5.511616581
6.600817333,0.203023185,5.544202412,0.084902156,5.54856803
6.610838333,0.022534516,5.330539305,0.0750227,5.331114845
6.620860333,-0.084202281,5.235004572,0.101668462,5.236668728
6.630881333,0.070500605,5.048429276,0.060353206,5.049282227
6.640903333,0.057317852,4.800371093,0.083541509,4.801440112
6.650924333,0.04361011,4.52113,0.040706561,4.521523564
6.660946958,-0.101912437,4.092764736,0.109693181,4.095502645
6.670967958,-0.038932278,3.647498387,0.043351257,3.647963752
6.680989958,0.053285324,3.324065792,0.083292418,3.325536099
6.691010958,0.033020433,2.862225218,0.038056603,2.862668659
6.701032958,0.120026088,2.369569379,0.058839362,2.373336759
6.711053958,0.118599596,1.842782026,0.059583127,1.847555577
6.721075958,0.10758621,1.292041116,-0.006436615,1.296528622
6.731096958,0.145812135,0.693055342,0.026651024,0.708729259
6.741118958,-0.039031846,0.096458109,0.004062645,0.104135281
6.751139958,-0.36833731,-0.569781125,0.039994955,0.679648807
6.761161958,-0.336007982,-1.171358971,-0.04442656,1.219408431
6.771182958,-0.153240566,-1.816188597,0.022494239,1.822780755
6.781204958,-0.018385615,-2.283955763,0.002293863,2.284030915
6.791225958,0.017662429,-2.813949436,0.083278384,2.815236878
6.801247958,0.035462477,-3.303187724,-0.01521504,3.303413118
6.811268958,0.120825951,-3.783159929,0.022654452,3.785156692
6.821290958,0.008252175,-4.164891018,-0.073151007,4.165541544
6.831311958,0.062319405,-4.456343728,-0.016873895,4.4568114
6.841333958,-0.025109374,-4.829196989,0.002730065,4.829263038
6.851354958,-0.093194193,-5.111110259,-0.046366081,5.112170092
6.861376958,-0.196234586,-5.232266321,0.003630536,5.235946147
6.871397958,-0.191771497,-5.2892948,-0.062682737,5.293141309
6.881419958,0.036517319,-5.242879018,-0.008346316,5.243012833
6.891440958,0.038400456,-5.089394869,-0.048610827,5.089771875
6.901462958,-0.01075466,-4.952858291,0.031477901,4.952969995
6.911483958,-0.050189105,-4.851592409,-0.009682989,4.851861665
6.921505958,-0.138869672,-4.53768873,0.007093842,4.539818732
6.931526958,-0.092555714,-4.237825093,-0.057268215,4.239222538
6.941548958,0.015098233,-3.944440755,-0.004420495,3.944472128
6.951569958,0.029384287,-3.608579611,-0.032990575,3.608850042
6.961591958,-0.103432796,-3.232300175,0.045596588,3.234276088
6.971612958,-0.059590039,-2.734847718,0.013111796,2.735528273
6.981634958,-0.035142977,-2.180975478,0.058021921,2.182030157
6.991655958,-0.038596808,-1.617383996,-0.046910457,1.618524419
7.001677958,-0.093037497,-1.102322869,-0.002770411,1.106245614
7.011698958,-0.031892806,-0.583023424,-0.001574655,0.583897203
7.021720958,-0.060849689,-0.043638456,0.007698444,0.075274601
7.031741958,0.03192408,0.535674682,0.039285103,0.538061178
7.041763958,-0.074705553,1.187752955,0.011754073,1.19015804
7.051784958,-0.105706421,1.735553301,0.067144747,1.740065379
7.061806958,0.048917468,2.189952562,-0.003515931,2.190501656
7.071827958,0.112922233,2.69070124,0.074483587,2.694099552
7.081849958,0.135700244,3.193261239,0.000543791,3.196143331
7.091870958,-0.02948305,3.713911062,0.097401749,3.715305065
7.101892958,-0.085056358,4.050337923,0.058637048,4.05165524
7.111913958,0.089778944,4.357593903,0.110585466,4.359921333
7.121935958,0.035391629,4.641564224,0.060599374,4.64209471
7.131956958,0.069356232,4.87578351,0.09473308,4.877196887
7.141978958,0.027047899,5.035963013,0.075574093,5.036602674
7.151999958,-0.108156935,5.097155879,0.095780316,5.099202863
7.162021958,0.109933063,5.043204789,0.054765022,5.044700093
7.172042958,0.145763905,4.820727589,0.107005801,4.824117727
7.182064958,-0.082407441,4.719084562,0.06329494,4.720228421
7.192085958,-0.057996015,4.566529244,0.053555233,4.567211517
7.202107958,-0.015477438,4.354910031,0.086927047,4.355805005
7.212128958,0.072043923,4.075406983,0.103377603,4.077354453
7.222150958,0.086418915,3.715980392,0.083742068,3.717928352
7.232171958,0.022817585,3.341572356,0.07593779,3.342512977
7.242193958,-0.00786916,2.921187664,0.028167207,2.921334059
7.252214958,0.003518014,2.481608609,0.016769814,2.481667764
7.262236958,0.068277156,2.036871872,0.031272663,2.038255816
7.272257958,0.130200865,1.492899406,0.060907522,1.49980353
7.282279958,0.046169976,0.96683243,0.027225221,0.968317008
7.292300958,0.063327716,0.476664947,0.023044462,0.48140515
7.302322958,-0.163424689,-0.146231509,0.03159426,0.22156146
7.312343958,-0.449862699,-0.651568396,-0.032910469,0.792465092
7.322365958,-0.099108021,-1.134797281,-0.016444709,1.139235576
7.332386958,0.059310213,-1.646060496,0.039257036,1.647596423
7.342408958,0.099389382,-2.152971847,0.035823551,2.15556242
7.352429958,0.037749254,-2.635725718,0.010837814,2.636018309
7.362451958,0.006684514,-3.055762794,0.00800016,3.055780577
7.372472958,-0.014956707,-3.530977704,-0.016245319,3.531046751
7.382494958,-0.093399586,-3.879060698,0.018617535,3.880229631
7.392515958,-0.088426456,-4.262001575,-0.030631224,4.263028845
7.402537958,-0.029211616,-4.527785886,0.048998498,4.528145227
7.412558958,-0.046299711,-4.703389758,-0.046056179,4.703843115
7.422580958,-0.075130111,-4.900577751,-0.052498056,4.901434777
7.432601958,-0.06648291,-4.952780523,-0.052201018,4.953501774
7.442623958,-0.053827485,-4.882154928,-0.010886931,4.882463791
7.452644958,-0.025321833,-4.60434465,0.019654831,4.604456228
7.462666958,-0.077428793,-4.559709929,0.00977596,4.560377772
7.472687958,-0.107043515,-4.443917225,-0.004597666,4.445208629
7.482709958,-0.071713889,-4.215122693,-0.07016308,4.216316527
7.492730958,-0.009573125,-3.906885843,-0.042005228,3.907123376
7.502752958,0.031208911,-3.612751307,-0.016262861,3.612922707
7.512773958,-0.012831002,-3.201777416,0.09093122,3.203094089
7.522795958,-0.105265779,-2.760023198,-0.036439263,2.762270218
7.532816958,-0.132727876,-2.432320674,0.076278098,2.437133336
7.542838958,-0.043086616,-1.951622537,-0.062477499,1.953097648
7.552859958,-0.002882892,-1.454670749,0.047391098,1.455445366
7.562881958,0.061692058,-0.885468278,-0.064870765,0.889982134
7.572902958,0.057454915,-0.129629847,0.059657972,0.1538312
7.582924958,-0.112091435,0.289641188,0.047824962,0.314235158
7.592945958,-0.287187988,0.647442162,0.04048846,0.709434712
7.602967958,-0.176915951,1.221472971,0.009803442,1.234257502
7.612988958,0.071735405,1.697650918,0.017886048,1.699259991
7.623010958,0.2407454,2.491164421,0.033907419,2.502999847
7.633031958,0.266570194,2.908157144,0.021047053,2.920424733
7.643053958,-0.114660528,3.291286009,0.109075715,3.295088488
7.653074958,-0.345548883,3.616606377,0.030052934,3.633200916
7.663096208,0.404795138,3.982331005,0.101301257,4.004133025
7.673117208,0.211117284,4.305641392,0.053863381,4.311150609
7.683139208,-0.340164292,4.479192892,0.112392256,4.493496715
7.693160208,-0.020956311,4.630948604,0.017634618,4.631029596
7.703182208,0.249913651,4.691306195,0.142028868,4.700104557
7.713203208,0.042666452,4.659893491,0.07587347,4.660706444
7.723225208,-0.007410359,4.369609931,0.069875981,4.370174884
7.733246208,-0.16579409,4.280522631,0.065680019,4.284235701
7.743268208,0.171754176,4.18895845,0.067326595,4.193018633
7.753289208,0.110901672,3.915947273,0.087978376,3.918505126
7.763311208,-0.217547303,3.467994713,0.076435972,3.47565197
7.773332208,0.006258193,3.304739575,0.099325483,3.306237798
7.783354208,0.132999543,3.124203283,0.006650038,3.127040015
7.793375208,0.099963542,2.756052061,0.072347015,2.758813108
7.803397208,-0.031444316,2.338333991,0.039399124,2.338877272
7.813418208,0.044864133,1.971697052,0.04147547,1.972643472
7.823440208,0.119653255,1.559090033,0.045964962,1.564350156
7.833461208,-0.048344939,1.135859355,0.033096995,1.137369385
7.843483208,-0.027191645,0.628789179,-0.008664989,0.629436493
7.853504208,-0.056115222,0.0769138,0.020824274,0.097459228
7.863526208,-0.104683561,-0.419321997,0.014556643,0.432436679
7.873547208,-0.139614151,-0.928622776,0.006469944,0.93908159
7.883569208,-0.067324704,-1.31908215,0.038205707,1.321351585
7.893590208,-0.067244798,-1.790876585,0.046444434,1.79274033
7.903612208,-0.070757842,-2.240476306,0.011726006,2.24162402
7.913633208,0.02524714,-2.715722938,-0.022100721,2.715930215
7.923655208,0.027801551,-3.085045357,0.03523883,3.085371867
7.933676208,-0.036444882,-3.307219087,-0.04198944,3.307686417
7.943698208,0.004938001,-3.548624016,0.024467089,3.548711799
7.953719208,0.091653552,-3.771573379,6.31499E-05,3.772686858
7.963741208,-0.017493823,-4.006766519,-0.041682462,4.007021512
7.973762208,-0.217528811,-4.224683183,-0.053063482,4.230612546
7.983784208,0.00341619,-4.21573402,-0.015799177,4.215765009
7.993805208,-0.025962994,-4.229636067,-0.015196329,4.22974305
8.003827208,-0.131750907,-4.137214392,0.00725581,4.139318044
8.013848208,-0.127544082,-4.015842567,-0.013561447,4.017890358
8.023870208,-0.009997309,-3.830811521,0.033437887,3.830970497
8.033891208,-0.013312027,-3.758166298,-0.053673347,3.758573129
8.043913208,0.016447057,-3.522246349,0.028218078,3.522397779
8.053934208,0.031524244,-3.261993505,-0.017278522,3.262191587
8.063956208,0.024874562,-2.917786338,0.027343335,2.918020479
8.073977208,-0.099801172,-2.578145262,0.007441167,2.580086944
8.083999208,-0.153060974,-2.224739256,0.011189817,2.230026374
8.094020208,-0.109994239,-1.811965446,-0.033560679,1.815611145
8.104042208,-0.072058971,-1.435263986,0.00071453,1.437071924
8.114063208,-0.029489011,-1.068656355,-0.017114215,1.069200123
8.124085208,0.111683619,-0.585204691,0.071646518,0.600059151
8.134106208,0.031667469,-0.10277545,0.093339103,0.142400175
8.144128208,0.003703398,0.524437284,0.001719081,0.524453177
8.154149208,-0.122340955,0.830774739,0.02475945,0.840099403
8.164171208,-0.249863439,1.190289697,-0.049027149,1.217220178
8.174192208,-0.095014925,1.61424141,0.072517169,1.618660528
8.184214208,0.00941383,2.050759009,0.014613946,2.050832684
8.194235208,0.133269008,2.456355946,0.131082296,2.46345849
8.204257208,0.219964962,2.831148729,0.029447163,2.839833594
8.214278208,0.156794166,3.23238262,0.098905653,3.237694263
8.224300208,-0.007780981,3.560752896,-0.003168021,3.560762807
8.234321208,-0.061240256,3.743944993,0.051325105,3.744797557
8.244343208,0.016833307,3.926314094,0.043247176,3.926588347
8.254364208,0.006326692,4.082735007,0.128120096,4.084749676
8.264386208,0.011275794,4.109957011,0.063747514,4.110466826
8.274407208,0.084383316,4.087195263,0.062699693,4.088547041
8.284429208,0.134854901,3.921353316,0.059856777,3.924127994
8.294450208,-0.105511599,3.790930586,0.058356382,3.792847595
8.304472208,-0.085925729,3.666997974,0.113883296,3.669772033
8.314493208,0.047987514,3.510368316,0.07839479,3.511571479
8.324515208,0.067126534,3.300836266,0.057430183,3.302018209
8.334536208,0.053813863,3.044958309,-0.032399422,3.045606139
8.344558208,0.048370365,2.741518807,0.069226356,2.742819233
8.354579208,0.068569704,2.4080635,0.065311645,2.409924736
8.364601208,0.122112585,2.069293074,0.100012531,2.075304271
8.374622208,0.086203691,1.6619677,0.040114238,1.664685214
8.384644208,-0.075192375,1.226779319,0.013747389,1.229158404
8.394665208,-0.221627179,0.853763359,-0.055851434,0.883826829
8.404687208,-0.117441975,0.387179524,-0.02770937,0.405547051
8.414708208,0.067237804,-0.028762655,0.049083867,0.088076323
8.424730208,-0.014813674,-0.43996921,0.064662019,0.444942162
8.434751208,-0.077983456,-0.905802409,0.054187317,0.91076654
8.444773208,-0.108220487,-1.336456566,-0.031290205,1.341196072
8.454794208,-0.093113794,-1.766236419,-0.00747625,1.768704938
8.464816208,-0.045935004,-2.118144515,-0.022589548,2.118762964
8.474837208,-0.020711308,-2.424583931,-0.004324016,2.424676245
8.484859208,0.029601589,-2.762416463,0.085191008,2.763888289
8.494880208,0.031954846,-3.021419757,-0.030517203,3.021742835
8.504902208,-0.088180123,-3.348104281,-0.007763348,3.349274291
8.514923208,-0.062436802,-3.526178017,-0.022884833,3.526804996
8.524945208,-0.056511366,-3.685326656,-0.015252462,3.685791466
8.534966208,-0.049971616,-3.851383195,-0.018243898,3.851750578
8.544988208,-0.035450262,-3.91441998,-0.006420243,3.914585766
8.555009208,-0.041079942,-3.882832152,-0.038453629,3.883239854
8.565031208,-0.021469235,-3.77582489,-0.033965891,3.776038692
8.575052208,0.011170809,-3.687508544,-0.024534332,3.687607081
8.585074208,-0.072705001,-3.577076275,-0.006565838,3.577821098
8.595095208,-0.107358461,-3.386883892,-0.011349446,3.388604011
8.605117208,-0.040134831,-3.157755192,0.010812671,3.158028747
8.615138208,0.011130696,-2.891991639,0.024298105,2.892115131
8.625160208,-0.06698494,-2.590867926,0.048554694,2.592188487
8.635181208,-0.097833036,-2.284939411,0.020262356,2.287122641
8.645203208,-0.094146567,-1.934627312,-0.034819584,1.937229676
8.655224208,-0.045765079,-1.475594717,0.012632909,1.476358291
8.665246708,-0.077571429,-1.155949803,0.030301441,1.158945836
8.675267708,0.016677849,-0.74328,0.071599156,0.746906787
8.685289708,0.034229404,-0.27557244,0.057378142,0.283556119
8.695310708,-0.010708486,0.229411157,-0.016732392,0.230269676
8.705332708,-0.076139149,0.586187353,-0.033943087,0.592085226
8.715353708,-0.148940277,0.917500349,-0.044566308,0.93057845
8.725375708,-0.099215098,1.26417738,0.059766145,1.269472361
8.735396708,0.035172112,1.65126671,0.062617832,1.652827825
8.745418708,0.109566159,2.033660581,0.045562089,2.037119536
8.755439708,0.130243239,2.372454541,0.021026003,2.376119935
8.765461708,0.033167152,2.686363483,0.02103185,2.686650547
8.775482708,-0.090921463,2.936127884,0.072370988,2.938426658
8.785504708,-0.118314471,3.174730828,0.036595969,3.177145481
8.795525708,0.133199454,3.462605335,0.126412125,3.467471387
8.805547708,0.202141534,3.607594063,0.063691381,3.613814151
8.815568708,-0.06917389,3.644573609,0.100366287,3.64661147
8.825590708,-0.136940713,3.726101922,0.028367182,3.728725384
8.835611708,0.083315468,3.687877796,0.067130713,3.689429582
8.845633708,0.075425158,3.550003082,0.078055651,3.551662079
8.855654708,-0.110505505,3.422083838,0.101707054,3.425377875
8.865676708,0.0189419,3.303156149,0.050948544,3.30360335
8.875697708,0.082092679,3.175112651,0.055873654,3.176665142
8.885719708,-0.048479717,2.965712457,0.062000366,2.966756597
8.895740708,-0.036616374,2.622910961,0.027702938,2.623312814
8.905762708,0.053422949,2.368410753,0.077979053,2.370296235
8.915783708,0.084484135,2.070313706,0.014351991,2.072086482
8.925805708,0.026084,1.551687166,0.096218857,1.554886332
8.935826708,0.060518129,1.271957539,-0.004387166,1.27340397
8.945848708,0.050339036,0.951783451,0.083622785,0.956775066
8.955869708,-0.077720697,0.653465452,-0.076983857,0.662558766
8.965891708,-0.057938466,0.282378855,0.029444824,0.289761421
8.975912708,-0.135590645,-0.137168608,0.016282157,0.193559186
8.985934708,-0.16610476,-0.519909931,0.029160064,0.546577933
8.995955708,-0.073730196,-0.836190357,0.04382839,0.840578005
9.005977708,-0.080744548,-1.266373301,0.000422169,1.268944916
9.015998708,-0.056715836,-1.624235763,0.033213939,1.62556503
9.026020708,0.045147526,-1.963794832,-0.006448894,1.964324319
9.036041708,0.02849165,-2.262200759,-0.028744327,2.262562769
9.046063708,-0.014495718,-2.65663273,0.024401016,2.656784334
9.056084708,-0.071014621,-2.971200653,0.049998372,2.97246972
9.066106708,-0.027413515,-3.120972112,0.036528141,3.121306254
9.076127708,0.015473756,-3.20956737,0.008389585,3.209615635
9.086149708,0.018502961,-3.325185534,-0.026634067,3.325343677
9.096170708,-0.081133626,-3.495213794,-0.051029236,3.496527723
9.106192708,-0.086665311,-3.568020692,0.007048234,3.569080024
9.116213708,0.06461684,-3.405607261,0.02860224,3.4063403
9.126235708,0.119345472,-3.238709308,0.007044141,3.240915139
9.136256708,0.042310649,-3.2303206,-0.025882115,3.230701356
9.146278708,-0.107718869,-3.097941391,-0.04713499,3.100171919
9.156299708,-0.17704057,-2.93946986,-0.036045161,2.945017093
9.166321708,-0.206502534,-2.704161823,0.009616916,2.712052165
9.176342708,-0.09459123,-2.47873441,0.090903153,2.48220369
9.186364708,-0.05927317,-2.264997336,0.027141606,2.265935327
9.196385708,0.009844829,-1.92649135,0.036421137,1.926860748
9.206407708,0.036433973,-1.644713443,-0.07613718,1.646877839
9.216428708,0.006797146,-1.283334174,0.011440077,1.283403163
9.226450708,-0.032258317,-0.892940947,-0.062494456,0.895706252
9.236471708,-0.108083031,-0.565893165,0.082095492,0.581942167
9.246493708,-0.117209174,-0.203038351,0.020420231,0.235328596
9.256514708,-0.067694677,0.145653082,0.029693331,0.163337331
9.266536708,0.049314138,0.537047827,-0.004890026,0.539329366
9.276557708,0.066997059,0.901802695,-0.034217906,0.90493512
9.286579708,0.04547566,1.279732143,0.087325827,1.283514002
9.296600708,-0.115684165,1.655021354,0.062190986,1.660224752
9.306622708,-0.151676409,1.923890363,0.080299813,1.931529943
9.316643708,-0.018936226,2.183612865,0.082996548,2.185271642
9.326665708,0.081258372,2.456572878,0.065943729,2.458800887
9.336686708,0.123815285,2.738316579,-0.019678804,2.741184993
9.346708708,0.037008791,2.998266245,0.038554786,2.998742503
9.356729708,-0.114534639,3.154442744,0.046489457,3.156863709
9.366751708,-0.018015212,3.264445243,0.107709805,3.266271374
9.376772708,0.103323224,3.381052464,0.084502791,3.383686181
9.386794708,0.12160988,3.407812538,0.035704268,3.410168626
9.396815708,-0.006584956,3.212854674,-0.019382935,3.21291989
9.406837708,-0.117684379,3.090045604,0.055760803,3.092788501
9.416858708,0.017286142,3.038832766,0.051709267,3.039321838
9.426880708,0.005716795,2.919003144,0.114566835,2.921256167
9.436901708,-0.021794592,2.735306725,0.078178443,2.736510506
9.446923708,-0.060544547,2.50643501,0.045536946,2.507579652
9.456944708,0.066505285,2.275047676,0.029954116,2.276216626
9.466966708,0.020576388,2.079941146,0.00554433,2.080050312
9.476987708,0.055556995,1.747574445,0.054628782,1.749310528
9.487009708,0.074451108,1.500021022,0.03246608,1.502218387
9.497030708,-0.04911557,1.155873643,0.051761892,1.158074053
9.507052708,-0.117281314,0.835104748,-0.017857397,0.843489024
9.517073708,-0.047569169,0.471696093,0.059824033,0.477848244
9.527095708,-0.014081717,0.133225255,0.058323053,0.146112428
9.537116708,-0.028266249,-0.249196308,0.093508088,0.267659379
9.547138708,-0.058799464,-0.614697316,0.035881439,0.61854478
9.557159708,-0.117736629,-0.948854654,0.040531145,0.956989991
9.567181708,-0.128233021,-1.2677607,-0.060200593,1.275650818
9.577202708,-0.042831467,-1.574132434,-0.048516687,1.575462257
9.587224708,-0.010302177,-1.871556759,-0.022915823,1.8717254
9.597245708,0.019027479,-2.140051547,0.015111544,2.140189484
9.607267708,0.075186244,-2.4119212,0.059869641,2.413835376
9.617288708,0.009959604,-2.652446124,0.008827541,2.652479512
9.627310708,-0.044582164,-2.832495927,0.023496451,2.832944198
9.637331708,-0.062927525,-2.957315855,-0.055090127,2.958498244
9.647353708,-0.127439279,-3.090918301,-0.00554316,3.093549327
9.657373833,-0.114003566,-3.162894894,-0.060777129,3.165532307
9.667395833,0.013519535,-3.192761302,0.054187902,3.19324973
9.677416833,0.039049661,-3.107861485,-0.028136802,3.108234156
9.687438833,-0.035427001,-3.038104787,0.087726946,3.039577567
9.697459833,-0.030192258,-2.996793624,-0.028422731,2.997080487
9.707481833,-0.047734951,-2.842782057,0.009011729,2.843197084
9.717502833,-0.067292805,-2.704983357,-0.051160213,2.706303872
9.727524833,-0.012712728,-2.341291367,0.064855562,2.342223969
9.737545833,-0.030729608,-2.107359618,0.02819235,2.107772207
9.747567833,-0.1276356,-1.955439161,0.002596748,1.959601975
9.757588833,-0.041203259,-1.660544487,0.031930475,1.661362471
9.767610833,0.080122322,-1.326223354,0.025948774,1.32889477
9.777631833,0.002164731,-0.976784391,0.007982034,0.976819403
9.787653833,-0.005241736,-0.708221119,-0.00848314,0.708291319
9.797674833,-0.10806707,-0.426443504,0.074757237,0.446229984
9.807696833,-0.082388639,0.055772031,-0.025534791,0.1027153
9.817717833,-0.127968544,0.357032376,0.040626454,0.381442754
9.827739833,-0.098150996,0.596347584,-0.031225886,0.605176929
9.837760833,0.071135887,1.050175061,0.074909849,1.055243791
9.847782833,-0.006716459,1.1757351,0.017887217,1.175890339
9.857803833,0.039819497,1.380023293,0.106202393,1.384676435
9.867825833,0.07377363,1.742016228,0.045285516,1.744165665
9.877846833,-0.032017014,2.015198874,-0.003656849,2.015456515
9.887868833,-0.072061008,2.257574588,0.043799154,2.259148993
9.897889833,-0.031527881,2.407002815,-0.001860584,2.407210008
9.907911833,0.095309853,2.587471571,0.124777243,2.592231174
9.917932833,0.162532587,2.767291579,0.053075176,2.772568574
9.927954833,0.039545971,2.867728617,0.081069306,2.869146831
9.937975833,-0.145741686,2.97327086,0.041401795,2.977128542
9.947997833,-0.073725994,2.921945463,0.027474312,2.923004558
9.958018833,0.080711968,2.780225912,0.041836828,2.781711859
9.968040833,0.132677983,2.711516743,0.039891459,2.715053926
9.978061833,-0.018081331,2.65586236,0.052010399,2.656433114
9.988083833,-0.178025716,2.411038709,0.057387498,2.418283304
9.998104833,0.055915192,2.226856533,0.069195365,2.228632882
10.00812683,0.109157795,2.075591549,0.044190332,2.078929649
10.01814783,-0.020265641,1.901332974,0.038195182,1.901824557
10.02816983,-0.059877626,1.777358846,0.061385824,1.779426317
10.03819083,-0.028520205,1.584949783,0.007486775,1.585224044
10.04821283,0.045677823,1.316337321,0.056881129,1.318357261
10.05823383,0.015899022,1.043272057,0.029631935,1.04381388
10.06825583,-0.042991283,0.754045602,0.038165361,0.756233836
10.07827683,0.023335904,0.433270969,0.043851779,0.436109247
10.08829883,-0.034270056,0.124117394,0.040406014,0.134952622
10.09831983,-0.139623689,-0.203454855,0.041453251,0.250213958
10.10834183,-0.062959186,-0.641922756,-0.014829124,0.6451733
10.11836283,-0.036350203,-0.875322336,0.033681716,0.876724009
10.12838483,-0.098695537,-1.145341054,-0.008072666,1.149613894
10.13840683,-0.039402152,-1.374486857,-0.026638745,1.375309519
10.14842783,0.049099687,-1.636393148,0.052855906,1.637982619
10.15844883,0.079645363,-1.853291081,0.036094862,1.855352811
10.16847083,-0.02795763,-2.047055967,0.007954552,2.047262327
10.17849183,-0.099404384,-2.270628497,0.00196408,2.272804184
10.18851383,-0.024296515,-2.40930808,-0.016303791,2.409485745
10.19853483,-0.022273876,-2.545000905,-0.024685775,2.545218089
10.20855683,-0.041605173,-2.644975721,-0.00776978,2.645314334
10.21857783,-0.025032903,-2.629814476,0.030698467,2.630112777
10.22859983,0.034848752,-2.706832831,0.062734192,2.707783963
10.23862183,-0.001096801,-2.641404827,0.020679848,2.641486006
10.24864283,-0.057501423,-2.552739403,0.013201844,2.55342107
10.25866383,-0.001696227,-2.497275931,-0.050860836,2.497794382
10.26868583,-0.081880059,-2.323888445,-0.005495213,2.325336975
10.27870683,-0.020645317,-2.197417556,0.00319141,2.197516855
10.28872883,-0.055779865,-2.042810011,0.034628381,2.043864785
10.29874983,-0.048077123,-1.778134772,0.034335435,1.77911596
10.30877183,-0.003116447,-1.646902202,0.049453411,1.647647479
10.31879283,-0.05700737,-1.441767405,-0.012222435,1.442945765
10.32881483,-0.036228809,-1.155623529,-0.020298609,1.156369448
10.33883683,0.050366605,-0.882496139,0.025503801,0.884300104
10.34885783,-0.006577638,-0.604876114,0.032843226,0.605802819
10.35887983,-0.153829024,-0.310801804,0.073706492,0.354533182
10.36890083,-0.10827556,0.083187917,0.024312138,0.138689965
10.37892283,-0.0181346,0.323206197,0.039432453,0.326107387
10.38894383,0.045720581,0.46022645,-0.043497437,0.464532867
10.39896583,-0.018812672,0.714676445,0.038982802,0.715986031
10.40898683,0.023234916,1.039474145,-0.032119925,1.040229805
10.41900883,0.058088908,1.303625912,0.124009504,1.310798687
10.42902983,-0.052133204,1.485989605,0.05500008,1.487920692
10.43905183,-0.072270124,1.697013133,0.052607984,1.699365806
10.44907283,0.088219775,1.883749958,0.034196271,1.886124603
10.45909483,-0.032750342,2.05423167,-0.015196913,2.054548925
10.46911583,0.051491897,2.23439871,0.092283096,2.236896328
10.47913783,-0.008471049,2.401758301,0.023729755,2.401890463
10.48915883,-0.054781965,2.460902157,0.126714426,2.464771193
10.49918083,-0.002199183,2.487704039,0.01938352,2.487780525
10.50920183,0.037219524,2.429598795,0.098568268,2.431882255
10.51922383,0.15486707,2.335563288,-0.005769448,2.340699248
10.52924483,0.018442826,2.319017276,0.05035973,2.319637335
10.53926683,-0.1450763,2.212347836,0.040922908,2.217477118
10.54928783,-0.085885329,2.102649539,0.056778803,2.105168689
10.55930983,-0.003534409,1.980934629,0.071440696,1.982225585
10.56933083,0.059310812,1.83358611,0.015744798,1.834612683
10.57935283,0.130624678,1.700935007,0.022174396,1.706087456
10.58937383,-0.074670314,1.512444894,0.060490615,1.515494747
10.59939583,-0.045172747,1.276991553,0.044761605,1.278574051
10.60941683,-0.061681597,1.041282615,0.066913782,1.045251912
10.61943883,-0.022957818,0.830444152,0.010622052,0.830829332
10.62945983,0.105523696,0.576853113,0.032925671,0.587349014
10.63948183,0.056729723,0.292437436,0.0034329,0.297908879
10.64950283,-0.102055868,-0.000276062,0.026487302,0.105437439
10.65952858,-0.187970204,-0.36923113,0.064213538,0.419270561
10.66954958,-0.11310706,-0.799373875,-0.00883105,0.807384535
10.67957158,-0.109437731,-0.913034173,0.060780053,0.92157595
10.68959258,-0.058356299,-1.140821156,-0.046849061,1.143273022
10.69961458,0.138332441,-1.376796215,0.015117391,1.383810759
10.70963558,0.161543256,-1.548562706,0.024107485,1.557152481
10.71965758,0.006200488,-1.783375631,0.053158207,1.784178489
10.72967858,-0.141125144,-1.913134702,-0.01869004,1.918423835
10.73970058,-0.16723278,-2.094649086,0.052255982,2.101963912
10.74972158,-0.078267293,-2.159851242,-0.011358216,2.161298722
10.75974358,0.051653686,-2.182737829,0.008102487,2.18336396
10.76976458,-0.006979721,-2.268336096,0.015134933,2.268397325
10.77978658,-0.058188658,-2.340758686,-0.000876498,2.341481991
10.78980758,0.082722826,-2.173567056,-0.002521319,2.175142103
10.79982958,0.109515535,-2.014492823,0.009004712,2.017487564
10.80985058,0.008140676,-1.976224989,0.043740097,1.976725746
10.81987258,-0.065422746,-1.843898991,-0.02361398,1.845210352
10.82989358,-0.213081894,-1.734084919,0.026082675,1.747322152
10.83991558,-0.124299781,-1.525885888,0.02653408,1.531170218
10.84993658,0.02485549,-1.386219441,0.029980429,1.386766369
10.85995858,-0.004107317,-1.241255417,-0.009535055,1.241298835
10.86997958,-0.047998756,-1.033636284,0.039265807,1.035494883
10.88000158,-0.10866725,-0.960846343,-0.03258244,0.967520482
10.89002258,0.024781468,-0.847564215,0.041368466,0.848934962
10.90004458,0.005879846,-0.638661326,0.009339173,0.638756669
10.91006558,-0.06571534,-0.374359138,0.062634789,0.385209537
10.92008758,-0.136793774,-0.166068069,-0.012958599,0.215543651
10.93010858,-0.004678047,0.059632619,0.050355052,0.078189287
10.94013058,0.047783976,0.286175543,0.01068988,0.29033433
10.95015158,0.074254541,0.454746257,0.021769184,0.461282768
10.96017358,-0.008886685,0.693474514,-0.000679446,0.693531785
10.97019458,0.01087356,0.891275221,0.042427397,0.892350737
10.98021658,-0.048032222,1.127448647,0.045427018,1.129385302
10.99023758,-0.00900812,1.408188308,0.046623359,1.408988713
11.00025958,-0.024710123,1.60857692,0.009192408,1.608792963
11.01028058,-0.077941256,1.702212331,0.068023583,1.705353003
11.02030258,-0.023798757,1.681856127,0.034943545,1.682387429
11.03032358,0.081626701,1.812893545,0.031951525,1.815011522
11.04034558,0.11877916,1.879945467,0.061591646,1.884700767
11.05036658,0.019891145,1.881788948,0.003961489,1.881898243
11.06038858,-0.041238507,1.926531842,0.068925809,1.928205467
11.07040958,-0.061331975,1.914789902,0.03135277,1.916028439
11.08043158,-0.050833454,1.811155314,0.107839614,1.815074928
11.09045258,0.027762849,1.715581112,0.01158158,1.715844825
11.10047458,0.109359963,1.735657381,0.069504683,1.740487589
11.11049558,0.100499257,1.630367007,-0.023757237,1.633634318
11.12051758,-0.020658487,1.48733198,0.044493803,1.488140749
11.13053858,-0.13497085,1.409670138,0.011110879,1.416160471
11.14056058,-0.06959547,1.242810338,0.063342302,1.246368049
11.15058158,0.025032483,1.105232809,0.025909013,1.105819815
11.16060358,0.088857304,0.9162163,0.114222434,0.92757463
11.17062458,-0.002438161,0.725283294,0.013483679,0.725412718
11.18064658,-0.067420772,0.486916285,0.058834099,0.495070178
11.19066758,-0.067165815,0.334016932,-0.054629366,0.345054959
11.20068958,-0.060160677,0.14904412,0.046705804,0.167376489
11.21071058,0.015987192,-0.131402458,0.06676994,0.148257955
11.22073258,0.022023963,-0.369544175,0.080543641,0.378860437
11.23075358,-0.023339961,-0.655423977,-0.008214753,0.655890864
11.24077558,-0.028575918,-0.790653265,-0.056861249,0.793210167
11.25079658,-0.010013681,-0.867121908,0.004355591,0.867190665
11.26081858,-0.048277134,-1.100719197,0.016186847,1.101896296
11.27083958,-0.089604021,-1.29666334,0.105255144,1.304010485
11.28086158,-0.066515536,-1.328279528,-0.007461047,1.329964844
11.29088258,-0.033503824,-1.485370531,0.037896389,1.486231562
11.30090458,0.061270328,-1.707388871,-0.030206716,1.708754884
11.31092558,0.028959729,-1.881770091,0.020992674,1.882109995
11.32094758,-0.109294876,-1.883336999,0.000639101,1.886505772
11.33096858,-0.014873553,-1.898405273,0.045694821,1.899013381
11.34099058,0.060181722,-1.875244306,0.026385561,1.876395279
11.35101158,0.04054733,-1.678271345,0.041059148,1.679263126
11.36103358,-0.001957748,-1.606741333,0.004087204,1.606747724
11.37105458,-0.007916509,-1.523003357,-0.044108471,1.523662513
11.38107658,-0.090080843,-1.430067712,0.008736325,1.432928659
11.39109758,-0.135053706,-1.363345134,-0.01760772,1.370131194
11.40111958,-0.020691684,-1.206695888,0.097807546,1.210830057
11.41114058,-0.077050241,-1.062687298,0.01084717,1.065532118
11.42116258,0.03155867,-0.963258978,0.053059974,0.965235292
11.43118358,0.009439553,-0.797489318,-0.012650451,0.797645504
11.44120558,-0.027363855,-0.567565359,0.015799177,0.56844422
11.45122658,-0.210240714,-0.42718113,-0.025513741,0.476797469
11.46124858,-0.103878436,-0.259448158,0.041995288,0.282608705
11.47126958,0.063143296,-0.049856083,0.021789649,0.083351627
11.48129158,0.118269347,0.052538758,0.058760424,0.142129332
11.49131258,0.113019625,0.224856615,0.002628908,0.25167607
11.50133458,-0.11158587,0.379647287,0.049933468,0.398844356
11.51135558,-0.194138779,0.512761527,0.001887481,0.54828625
11.52137758,0.006202096,0.863621034,0.029428452,0.864144543
11.53139858,-0.010136742,1.028354641,0.029730168,1.028834245
11.54142058,0.029707483,1.004802422,0.092152119,1.009456514
11.55144158,-0.038134837,1.055728527,-0.036581351,1.057050228
11.56146358,0.042154135,1.097537581,0.064905263,1.10026288
11.57148458,0.174858901,1.214724334,0.007725341,1.22726954
11.58150658,0.027254567,1.317236915,0.007876199,1.317542385
11.59152758,-0.192820561,1.396885348,0.079574758,1.412374095
11.60154958,-0.148157646,1.404665799,0.039749372,1.413016881
11.61157058,0.045878739,1.401919069,0.075818506,1.404717189
11.62159258,0.244830758,1.421354483,0.011304422,1.442330911
11.63161358,0.076490886,1.300721747,0.040943373,1.303612012
11.64163558,-0.142120286,1.257516378,0.026571502,1.265800798
11.65165658,-0.129099724,1.164295315,0.078357368,1.174048635
11.66167588,0.027062741,1.032066015,0.029103346,1.032830894
11.67169687,0.075579008,0.872972925,0.056792836,0.87807707
11.68171887,-0.054051479,0.736065852,0.061881083,0.740637407
11.69173987,0.037387485,0.569237407,0.05484279,0.573094042
11.70176187,-0.064247113,0.453829085,-0.058621261,0.462087634
11.71178288,-0.033764984,0.408437442,0.062619587,0.414587061
11.72180487,0.049925633,0.391712797,0.032073732,0.39618204
11.73182588,0.011615435,0.214516125,0.045095481,0.219512388
11.74184788,-0.042101127,0.185457089,0.023687071,0.191645282
11.75186887,-0.111143281,0.157953833,-0.042479437,0.197754254
11.76189087,-0.002782279,-0.041307427,0.032508765,0.052639
11.77191187,0.081093335,-0.004284456,-0.019284117,0.083464739
11.78193387,-0.005550017,-0.089839901,0.089543091,0.126964466
11.79195487,-0.132844756,-0.305174371,0.007513087,0.332919769
11.80197687,-0.134916717,-0.520844937,0.089546015,0.545436025
11.81199788,-0.046854228,-0.611092471,-0.01822811,0.613157069
11.82201988,0.004442564,-0.593961299,-0.005508077,0.594003451
11.83204087,0.031065243,-0.710651002,0.031467376,0.712025345
11.84206287,0.033733441,-0.785972568,-0.037987021,0.787612746
11.85208387,0.008245926,-0.889100934,0.045835739,0.89031982
11.86210587,0.006976779,-1.023928006,0.044638814,1.02492432
11.87212687,0.041298382,-1.004400279,0.063501347,1.007252649
11.88214887,0.012705584,-1.004294372,-0.00700438,1.004399163
11.89216988,-0.048505737,-1.091695774,0.037153208,1.093404239
11.90219188,-0.153970417,-1.06579005,-0.027360291,1.077201887
11.91221287,0.008180008,-0.890268477,0.021586166,0.890567704
11.92223487,0.0488223,-0.819562118,0.002275736,0.821018186
11.93225587,-0.054544349,-0.743065627,0.082959711,0.749669211
11.94227787,-0.041241888,-0.672965624,-0.008497759,0.674281719
11.95229887,0.00622665,-0.601251278,0.067246488,0.605032198
11.96232087,-0.014325601,-0.495881821,-0.008343977,0.496158871
11.97234188,-0.082051657,-0.485116512,0.019052567,0.49237537
11.98236388,0.028795952,-0.440372558,-0.011333073,0.441458532
11.99238487,0.050108984,-0.313176615,0.06710674,0.324181765
12.00240687,-0.021907503,-0.176424639,0.029686314,0.180241142
12.01242787,-0.119154104,-0.205124162,0.013817555,0.237622699
12.02244987,-0.039153568,-0.214712317,0.022498916,0.219409622
12.03247087,0.052676501,-0.142100433,0.057377558,0.162047928
12.04249287,0.096907038,0.016209551,0.006035496,0.098438563
12.05251388,-0.013198477,0.157223918,0.012177411,0.158246167
12.06253588,-0.153885742,0.178665968,0.003048738,0.235821214
12.07255687,-0.176693922,0.249554304,0.037627417,0.30808102
12.08257888,0.023162722,0.309815708,0.044663372,0.31387434
12.09259987,0.080836477,0.384922681,0.06861883,0.399260004
12.10262187,0.020624308,0.433551343,0.028501668,0.434976406
12.11264287,0.02315078,0.4906615,-0.007422456,0.491263432
12.12266487,-0.051624153,0.52240914,-0.003230002,0.524963614
12.13268588,-0.065729757,0.534172642,-0.006223776,0.538237445
12.14270787,0.003009973,0.570632553,0.030148244,0.571436337
12.15272887,0.01131486,0.629515111,0.026255752,0.630163999
12.16275088,0.004896171,0.671327819,0.079692872,0.676059145
12.17277187,0.02982207,0.691895473,0.062624264,0.695363574
12.18279387,-0.000502258,0.692617897,0.065466596,0.695705166
12.19281487,0.000995813,0.599648228,-9.76485E-05,0.599649063
12.20283687,0.000417537,0.515304846,-0.011324303,0.515429431
12.21285788,-0.070790344,0.493489323,-0.008032905,0.498605568
12.22287987,-0.068241049,0.435064383,0.021303161,0.440898722
12.23290087,0.00582443,0.403185144,0.073393666,0.409852186
12.24292288,0.012977626,0.353154942,0.063213079,0.359002402
12.25294387,0.037516001,0.311692737,0.034619025,0.315845357
12.26296587,-0.051939323,0.320211217,-0.028401681,0.325637179
12.27298687,-0.049154554,0.262502999,0.010515633,0.26727247
12.28300887,-0.00629942,0.218393157,-0.003705381,0.218515409
12.29302988,0.035703391,0.215490983,0.071889762,0.229954852
12.30305187,0.013473017,0.160456021,0.027583655,0.163366199
12.31307287,-0.070982718,0.095360312,0.079075406,0.142776241
12.32309488,-0.11094845,0.00334014,-0.010141411,0.11146104
12.33311688,0.029208313,-0.021826505,0.045093142,0.057990632
12.34313787,0.138840235,-0.066757944,-0.037535031,0.158562646
12.35315987,-0.034349021,-0.170912469,0.053626569,0.182391711
12.36318087,-0.137967228,-0.216328652,0.002283338,0.256589663
12.37320287,-0.052580178,-0.285417159,0.07458182,0.299649925
12.38322387,0.03546138,-0.307736402,0.018746173,0.310339526
12.39324587,0.026985293,-0.367903776,0.03716081,0.370759113
12.40326688,0.033871787,-0.417542836,0.004381903,0.418937369
12.41328888,-0.071130972,-0.438503752,0.001989223,0.444239927
12.42330987,-0.092560218,-0.490942495,0.016808406,0.499874434
12.43333187,-0.032825319,-0.545163324,0.018601747,0.546467361
12.44335287,0.020323706,-0.58412705,0.045546886,0.58625249
12.45337487,0.029688772,-0.603250039,0.02279654,0.604410221
12.46339587,-0.017364792,-0.574453014,0.009322216,0.57479101
12.47341787,-0.069443141,-0.470281505,0.007527121,0.475440534
12.48343888,-0.002630292,-0.412447207,0.050640396,0.415552724
12.49346088,-0.014759638,-0.373471969,0.008129384,0.373851903
12.50348187,-0.014716496,-0.348657629,0.023249114,0.349741674
12.51350388,-0.012091987,-0.330305083,-0.005039715,0.330564763
12.52352487,-0.025816933,-0.257415812,0.010379393,0.258915326
12.53354687,-0.072733817,-0.160269331,0.051242659,0.183309237
12.54356787,-0.006952723,-0.08297189,0.053936471,0.099205936
12.55358987,0.05125418,-0.006163815,0.043010949,0.067193194
12.56361088,-0.041345534,0.001097632,0.045405968,0.06141954
12.57363287,-0.035028929,0.00670376,0.010526742,0.03718573
12.58365387,-0.03835413,0.012990512,0.015017989,0.043189498
12.59367588,0.045062257,0.017770867,0.024598652,0.05432775
12.60369687,0.010216283,0.098895036,0.037622155,0.106301586
12.61371887,-0.066096606,0.100720227,0.059029396,0.134155861
12.62373987,-0.07071793,0.092595246,0.015919045,0.117593883
12.63376187,-0.038768323,0.137318488,0.022953245,0.144520592
12.64378288,0.03219191,0.141092738,-0.005933754,0.14484022
12.65380487,0.080710835,0.182082789,0.058133018,0.207479707
12.66382475,-0.000664289,0.192789388,0.04690461,0.198414293
12.67384675,-0.105846307,0.189983656,0.07968527,0.231618161
12.68386775,-0.093271276,0.189472774,0.003640476,0.211217225
12.69388975,0.049505223,0.221932532,0.028636154,0.229182995
12.70391075,0.090397059,0.263974451,-0.006241318,0.279093341
12.71393275,-0.010552242,0.270587579,0.04779748,0.274979248
12.72395375,-0.085337481,0.250009126,0.051388839,0.269124249
12.73397575,-0.058216368,0.282639896,0.023694087,0.289544239
12.74399675,0.032613115,0.296852102,0.041659073,0.301529873
12.75401875,0.031270535,0.240978759,-0.009832678,0.243198047
12.76403975,-0.051819231,0.211634635,0.043158299,0.22211954
12.77406175,-0.026732643,0.207370809,0.035373316,0.212057912
12.78408275,0.022063934,0.196316501,0.074290629,0.211059431
12.79410475,-0.034514474,0.181057534,0.017107784,0.185110118
12.80412575,-0.043173926,0.158053674,0.021598445,0.165261746
12.81414775,-0.009481603,0.139564175,-0.009088327,0.140180803
12.82416875,-0.024795027,0.106145849,0.024740154,0.111775712
12.83419075,-0.0305779,0.071745957,0.03746545,0.086522542
12.84421175,-0.021771093,0.026359796,0.089257747,0.095581195
12.85423375,-0.034747878,-0.005350595,0.020847078,0.040873519
12.86425475,-0.009700969,-0.02260783,0.010817349,0.026874483
12.87427675,0.03582907,-0.045912164,-0.00849425,0.058854068
12.88429775,-0.022582938,-0.079420099,0.025183958,0.086323652
12.89431975,-0.021815596,-0.09334834,0.033116875,0.101422681
12.90434075,-0.00695836,-0.117603678,0.034464074,0.12274696
12.91436275,-0.038696878,-0.100299309,0.052875786,0.119805044
12.92438375,-0.085505936,-0.089602641,0.015454191,0.124814784
12.93440575,-0.032337949,-0.098941896,0.045240492,0.113498652
12.94442675,0.017820354,-0.118877046,-0.014634996,0.12109294
12.95444875,0.021876211,-0.123268552,0.025632439,0.127791731
12.96446975,-0.004334408,-0.140057754,0.015006294,0.140926045
12.97449175,-0.044996257,-0.146280808,0.065302874,0.166394721
12.98451275,-0.050666585,-0.14332484,0.030126609,0.154973304
12.99453475,-0.016933756,-0.147781112,0.023839098,0.150646314
13.00455575,-0.004291217,-0.157836706,0.039558168,0.162774964
13.01457775,-0.001621433,-0.160881863,0.042853074,0.166499216
13.02459875,-0.016750048,-0.121590876,0.029382259,0.126207062
13.03462075,-0.029833682,-0.108327107,0.007080978,0.112583085
13.04464175,-0.021760792,-0.108071757,-0.003242866,0.110288499
13.05466375,-0.013092089,-0.081666471,0.013977184,0.083881923
13.06468475,-0.007269921,-0.076899931,0.082240503,0.112827087
13.07470675,-0.029066641,-0.049577884,0.067874479,0.08893695
13.08472775,-0.024789887,-0.038028253,0.035845186,0.05784085
13.09474975,0.003758545,-0.021793139,-0.025522512,0.033770789
13.10477075,0.005858202,0.007591431,-0.027613476,0.029231018
13.11479275,-0.036051104,0.038372828,0.026426491,0.058911081
13.12481375,-0.042823838,0.038779785,0.070136767,0.09086759
13.13483575,0.015204529,0.039032302,0.057563499,0.071191676
13.14485675,0.014686671,0.056009976,0.037206418,0.068826835
13.15487875,-0.030065277,0.078228062,0.009365485,0.084328304
13.16489975,-0.038423077,0.080203206,0.035113699,0.095613069
13.17492175,-0.051344337,0.074779018,0.027030509,0.094650889
13.18494275,-0.035725423,0.075749217,0.012811249,0.084725308
13.19496475,0.022817137,0.081564666,0.040055181,0.093690096
13.20498575,-0.027596318,0.057270764,0.012660976,0.064821273
13.21500775,-0.05885736,0.009540993,0.054573818,0.080830198
13.22502875,0.02165763,-0.015691524,0.024636658,0.036362643
13.23505075,-0.027818631,-0.032801738,0.049783779,0.065789474
13.24507175,-0.055359971,-0.026206892,0.023137432,0.065474181
13.25509375,0.015976393,-0.016216586,0.068793077,0.072461784
13.26511475,0.018452771,0.016781555,-0.001710895,0.02500105
13.27513675,-0.032320526,0.033691556,0.025381594,0.053140969
13.28515775,-0.033436814,0.057672614,-0.021922381,0.070176504
13.29517975,-0.001270221,0.052119979,0.051423923,0.073229267
13.30520075,0.007586219,0.044019429,0.021635867,0.049632365
13.31522275,-0.026930151,0.02925457,0.073728712,0.083767451
13.32524375,-0.039204105,0.0002417,0.054268593,0.066948491
13.33526575,-0.012133936,-0.017427864,0.042741392,0.047726193
13.34528675,0.001697817,-0.015282118,-7.01666E-05,0.015376301
13.35530875,-0.028476676,-0.0151302,-0.002314328,0.032329555
13.36532975,-0.050483014,-0.030368264,0.020137811,0.06225992
13.37535175,0.002380854,-0.035096331,0.058157576,0.067968556
13.38537275,0.007107473,-0.021397264,0.076268157,0.079531069
13.39539475,-0.047028849,-0.02879656,0.036899439,0.066351512
13.40541575,0.001208843,-0.030828503,0.009059091,0.032154705
13.41543775,0.003585289,-0.033735492,-0.000667752,0.033932044
13.42545875,-0.067525606,-0.034353644,0.025528944,0.079947528
13.43548075,-0.035493403,-0.022100045,0.044987893,0.061417458
13.44550175,0.015161515,-0.019621894,0.058761594,0.063779426
13.45552375,0.002178001,0.001251423,0.056967083,0.057022437
13.46554475,-0.028207695,0.011517809,0.01460576,0.033788492
13.47556675,-0.032699457,0.013957258,0.009368409,0.036767195
13.48558775,0.013537949,0.01338202,0.006676351,0.020172461
13.49560975,-0.014594381,0.029193293,0.04634737,0.05668618
13.50563175,-0.038311354,0.006356115,0.065211073,0.075898907
13.51565275,-0.002940396,0.009708233,0.055333371,0.056255468
13.52567375,-0.031267506,-0.005412384,-0.009032779,0.032993059
13.53569575,-0.003424952,-0.012562898,-0.023102934,0.026519846
13.54571675,0.008576915,0.026553202,0.015069444,0.031713154
13.55573875,-0.039705331,0.015708125,0.063867382,0.076826434
13.56576075,-0.026265126,0.006109399,0.060720411,0.066439069
13.57578175,-0.000137008,0.003476718,0.017008966,0.0173612
13.58580375,-0.017745628,0.007443743,0.01820706,0.026491766
13.59582475,-0.027509035,0.01672427,0.002638264,0.032301836
13.60584675,-0.017689938,0.009968973,0.032577762,0.038387822
13.61586775,0.028857832,0.011507786,0.031831073,0.044479442
13.62588975,-0.03226865,-0.000372687,0.049192041,0.058832487
13.63591075,-0.042606724,-0.003102551,0.04694554,0.063473163
13.64593275,0.023855667,0.003214881,0.02239659,0.032879105
13.65595375,-0.019951586,0.004085568,0.012367446,0.023826694
13.66597625,-0.025450079,0.000397273,-0.000355511,0.025455662
13.67599725,-0.00106232,0.009787618,0.033025659,0.034461865
13.68601925,-0.027145603,0.007347931,0.05981994,0.066100689
13.69604025,-0.001750752,0.003068025,0.065954838,0.066049365
13.70606225,-0.020725529,-0.014494261,0.028233281,0.037904476
13.71608325,-0.022742631,-0.012817764,9.2386E-05,0.026106146
13.72610525,0.011076915,0.001595614,-0.000506954,0.011202724
13.73612625,-0.023244377,-0.000591711,0.039608454,0.045929085
13.74614825,-0.021823083,0.004728835,0.053378647,0.057860944
13.75616925,0.00272911,0.001664748,0.053378062,0.053473703
13.76619125,-0.003536259,-0.006471717,0.018052694,0.019500974
13.77621225,-0.005522951,0.015802146,0.001138453,0.016778167
13.78623425,-0.04300549,0.01242241,0.007127171,0.04532753
13.79625525,-0.010989467,0.014045112,0.033324451,0.037796199
13.80627725,-0.003239563,0.004542857,0.058172779,0.058439751
13.81629825,-0.042198328,-0.005421374,0.043952351,0.061171066
13.82632025,-0.016387219,-0.002757035,0.039010869,0.042402713
13.83634125,0.012476976,-0.013537583,0.010570596,0.021229192
13.84636325,-0.028851071,-0.023193017,0.015661182,0.040194191
13.85638425,-0.027522588,-0.000810616,0.027035771,0.038588637
13.86640625,-0.006218715,-0.008150178,0.043351257,0.044546934
13.87642725,-0.012676439,-0.008618056,0.038260086,0.041216467
13.88644925,-0.034031914,-0.008467353,0.016255844,0.038653845
13.89647025,-0.045603467,-0.000789776,0.001739547,0.045643466
13.90649225,-0.001002158,-0.001960206,0.029882196,0.029963183
13.91651325,-0.006925881,-0.012313807,0.04979138,0.051756924
13.92653525,-0.025931099,0.006144866,0.029588081,0.039820043
13.93655625,0.007003685,0.008057381,0.006837734,0.012677839
13.94657825,-0.01207969,0.007230119,-0.006931289,0.015691918
13.95659925,-0.035377372,0.019751922,0.022559727,0.046374974
13.96662125,-0.000804088,0.002961167,0.040077401,0.04019469
13.97664225,-0.000195571,0.015691862,0.046518109,0.049093861
13.98666425,0.004410418,0.00657058,0.037837332,0.038656022
13.99668525,-0.033718271,-0.008282398,0.018378384,0.039284665
14.00670725,-0.021877768,-0.012034712,0.014335619,0.02879203
14.01672825,0.024588803,0.000587143,0.00205705,0.024681682
14.02675025,0.009370049,-0.005887881,0.052352461,0.053509299
14.03677125,-0.029533482,-0.010103377,0.034538333,0.046553209
14.04679325,-0.042690106,-0.004876176,0.033938994,0.054754703
14.05681425,-0.026504328,-0.024591745,0.022262104,0.042459799
14.06683625,-0.013957263,-0.014064719,0.029295135,0.035367025
14.07685725,-0.010256564,-0.017744015,0.017621169,0.02702874
14.08687925,0.015283,-0.017511461,0.057440708,0.06196496
14.09690025,-0.000317737,-0.007139496,0.042619185,0.043214214
14.10692225,-0.03537327,-0.013197769,0.022110661,0.043753065
14.11694325,0.002760534,0.009598515,0.02570436,0.027576551
14.12696525,0.048441569,0.030826649,0.016425413,0.059721538
14.13698625,-0.027043884,0.026300091,0.029300398,0.047765885
14.14700825,-0.011389988,0.030543424,0.014031563,0.03548968
14.15702925,0.022796101,0.022027037,0.032744408,0.045574651
14.16705125,-0.048624778,0.016176057,0.042922071,0.066845629
14.17707225,-0.011095644,0.010886611,0.031390777,0.035028739
14.18709425,0.037903909,0.011225558,0.04860498,0.062651125
14.19711525,-0.023656112,0.021416688,-0.008579035,0.033043699
14.20713725,-0.057946346,0.028667016,0.018062634,0.067125521
14.21715825,0.047977373,0.010313054,0.035425356,0.060523906
14.22718025,0.024858195,-0.004127303,0.049794888,0.055807664
14.23720125,-0.051955832,-0.026529146,0.034975705,0.06801841
14.24722325,-0.018214716,-0.032950485,0.017311851,0.04143924
14.25724425,0.042454627,-0.043363874,0.023601701,0.065114217
14.26726625,-0.029808685,-0.038746346,0.016716605,0.051665094
14.27728725,-0.069444863,-0.057873182,0.039020809,0.098460742
14.28730925,0.027353302,-0.038299043,0.034380459,0.058284096
14.29733025,0.04492493,-0.03925404,0.030190344,0.06686244
14.30735225,-0.03137409,-0.019391048,0.020310304,0.042105281
14.31737325,-0.023920434,-0.013299711,0.01791353,0.032710305
14.32739525,-0.007533717,-0.007143415,0.017163917,0.020059544
14.33741625,0.003176294,0.013693393,0.017163332,0.022185081
14.34743825,-0.006133958,0.026316801,0.033329714,0.042907683
14.35745925,-0.01883559,0.035299814,0.050844464,0.064699427
14.36748125,-0.037574866,0.04041146,0.028988741,0.062332204
14.37750225,0.01274529,0.049333571,0.028090609,0.058183554
14.38752425,0.030694251,0.032366988,0.036625205,0.057716242
14.39754525,-0.023243674,0.029601611,0.048452368,0.061352716
14.40756725,-0.020429112,0.044337344,0.032587118,0.058694709
14.41758825,-0.009909697,0.048289084,0.005046147,0.049553016
14.42761025,-0.047950243,0.013492551,0.015074707,0.052043458
14.43763125,-0.014309923,-0.007277965,0.036480194,0.039856583
14.44765325,0.067314901,-0.019116585,0.053545293,0.088112644
14.45767425,-0.020146737,-0.013753008,0.046208206,0.052251646
14.46769625,-0.066428184,-0.02519187,0.023902248,0.074957664
14.47771825,0.03382924,-0.034568172,0.010277651,0.049447003
14.48773925,0.028249658,-0.028756159,0.00922866,0.041353694
14.49776125,-0.031210281,-0.027604038,-0.011877449,0.043325955
14.50778225,-0.019055121,-0.01814381,0.012669162,0.029202793
14.51780325,-0.048652626,-0.015989778,0.009074294,0.052010516
14.52782525,0.007515061,-0.010455836,0.049041182,0.050703434
14.53784725,0.046552128,-0.003846975,0.04230519,0.063020861
14.54786825,-0.033917158,0.007315314,0.028235035,0.044733708
14.55789025,-0.044718688,0.029008421,0.00428484,0.053475315
14.56791125,-0.003064832,0.027171719,-0.012782013,0.030184025
14.57793325,0.014145621,0.034360057,0.039461689,0.05420274
14.58795425,0.004355472,0.041883012,0.031379083,0.052514795
14.59797625,-0.025816348,0.025278317,0.053083363,0.064213087
14.60799725,-0.000848011,0.013803157,0.014613361,0.020119557
14.61801925,-0.003285212,0.003106132,0.031227055,0.031552649
14.62804025,-0.045750173,-0.001093237,0.017453354,0.048978496
14.63806225,0.031977988,-0.015216255,0.050834523,0.061953813
14.64808325,0.015319431,-0.003552978,0.020447128,0.025795226
14.65810525,-0.087753989,-0.009612156,0.031672613,0.093788648
14.66812783,-0.040905111,-0.009736053,0.017600704,0.045582931
14.67814983,0.048337986,-0.01255621,0.018500006,0.053258516
14.68817083,-0.014127019,-0.020731193,0.002336547,0.025195526
14.69819283,-0.05554679,-0.028931027,0.025238922,0.067523725
14.70821383,-0.015908122,-0.017558339,0.045296625,0.051118958
14.71823583,0.042995847,-0.019540116,0.049338221,0.068298748
14.72825683,0.021907457,-0.034666232,0.034669896,0.053699963
14.73827883,-0.049671453,-0.020378826,-0.001555359,0.053711907
14.74829983,-0.044656757,-0.014211201,-0.007693182,0.047490728
14.75832183,0.037118134,-0.020181994,0.040506002,0.058530376
14.76834283,0.033790977,-0.000693882,0.013713475,0.036474251
14.77836483,-0.045550011,0.013967902,0.048292154,0.067838322
14.78838583,-0.052504063,0.022210795,0.015810286,0.05916047
14.79840783,0.027760035,0.029505416,0.048745313,0.063382132
14.80842883,0.029273784,0.052103113,0.030337694,0.067022865
14.81845083,-0.044191803,0.045584226,0.028992834,0.06979557
14.82847183,-0.006214978,0.047567218,0.006841827,0.048456958
14.83849383,0.009803053,0.039728888,0.02869755,0.049980334
14.84851483,-0.011841283,0.05813173,0.030042994,0.066498838
14.85853683,0.007409144,0.057728774,0.047106923,0.074877026
14.86855783,-0.003446865,0.040903457,0.001898006,0.041092288
14.87857983,-0.051807541,0.02734656,0.029586911,0.065629574
14.88860083,-0.014062805,-0.005413124,0.022547448,0.027119215
14.89862283,0.040075076,-0.017732851,0.053829467,0.069412371
14.90864383,-0.019694761,-0.005129927,0.004129888,0.020766698
14.91866583,-0.029444609,-0.020703328,0.025235413,0.043959514
14.92868683,0.008780736,-0.03125979,0.014606929,0.035603907
14.93870883,-0.019047141,-0.021360171,0.019844865,0.034826271
14.94872983,-0.024023235,-0.046278035,0.007720664,0.05271035
14.95875183,-0.002951537,-0.054494533,0.037806342,0.0663904
14.96877283,-0.048539852,-0.062476321,0.032415794,0.085499658
14.97879483,-0.013463497,-0.05281556,0.081812487,0.09830581
14.98881583,0.045047676,-0.045098734,0.041994703,0.076333112
14.99883783,-0.01973967,-0.053450979,-0.000216932,0.056979898
15.00885883,-0.036898261,-0.035890347,0.015202761,0.053672363
15.01888083,-0.018958665,-0.038475501,0.018945563,0.046890613
15.02890183,-0.012285027,-0.036593685,0.067296774,0.077581412
15.03892383,0.007037782,-0.026452493,0.032122849,0.04220358
15.04894483,-0.011219436,-0.020610311,0.008023549,0.02479996
15.05896683,-0.019785996,-0.012274813,-0.019820307,0.03057779
15.06898783,0.037160143,-0.000291557,0.006526077,0.037729973
15.07900983,0.039770417,0.022396398,0.037063746,0.05879631
15.08903083,-0.020557654,0.058201147,0.07927655,0.100472693
15.09905283,-0.044083657,0.089765413,0.043350087,0.108997378
15.10907383,-0.06026002,0.092925778,-0.018928022,0.11235987
15.11909583,-0.089566727,0.111565213,-0.110694224,0.180892804
15.12911683,0.091690243,0.131602552,0.055463764,0.169713174
15.13913883,0.204701262,0.108516895,0.077469175,0.244294896
15.14915983,-0.065969319,0.086726889,0.138232271,0.176016094
15.15918183,-0.247926018,0.017627071,0.139418671,0.284983491
15.16920283,0.089026855,-0.00855592,-0.038715,0.097456841
15.17922483,0.076585227,-0.02002062,-0.089911466,0.119792295
15.18924583,-0.195538493,-0.015776135,-0.067157611,0.207350749
15.19926783,-0.043251343,-0.048803383,0.114569174,0.131827708
15.20928883,0.137087405,-0.058882677,0.057088705,0.159747446
15.21931083,0.018226246,-0.05298015,0.075951238,0.094380522
15.22933183,-0.109645617,-0.063351969,-0.030628885,0.130283391
15.23935383,0.003492862,-0.074280232,-0.036771385,0.082957144
15.24937483,0.12208535,-0.064445727,-0.013121737,0.138673228
15.25939683,0.044540946,-0.030086126,0.058427718,0.079390611
15.26941783,-0.14878253,-0.004242155,0.070689329,0.164776268
15.27943983,-0.051731285,-0.002201733,0.075914986,0.091891559
15.28946183,0.14357204,0.023695549,0.054503651,0.1553868
15.29948283,0.06349497,0.036074123,-0.067647023,0.099544328
15.30950483,-0.198869999,0.030252964,0.017822898,0.201945968
15.31952583,-0.194421693,0.037717172,-0.033522087,0.200863412
15.32954783,0.075092767,0.036252043,0.165414222,0.185243081
15.33956883,0.098903076,0.05163276,0.078298311,0.136302553
15.34959083,-0.084428111,0.015164461,0.115124075,0.143567474
15.35961183,-0.094002187,0.012548463,-0.095789087,0.134794007
15.36963383,0.017313779,0.019170572,-0.01286329,0.028857269
15.37965483,0.074823,0.007834748,-0.013911695,0.076507515
15.38967683,0.063499049,0.000617758,0.10419329,0.122019476
15.39969783,-0.062388727,-0.009025543,0.082484917,0.103815101
15.40971983,-0.039240299,0.00603418,0.055834478,0.068510592
15.41974083,0.030133578,-0.001310982,0.0070342,0.030971457
15.42976283,-0.018850256,-0.017795051,-0.082932229,0.086889301
15.43978383,-0.048084313,-0.009313007,0.013166175,0.050716678
15.44980583,0.02666564,-0.013264957,0.00807559,0.030858234
15.45982683,0.021699127,0.001019225,0.135457183,0.13718797
15.46984883,-0.044734251,0.003475192,0.015854141,0.047587645
15.47986983,-0.014046366,-8.59998E-05,0.047886357,0.049904018
15.48989183,-0.020656258,0.023246392,-0.070668279,0.077208039
15.49991283,-0.059699432,0.027555872,0.021391454,0.06914436
15.50993483,0.052511889,0.005577193,0.004478382,0.052996787
15.51995583,0.044135117,0.005224177,0.102227456,0.111470415
15.52997783,-0.064309651,-0.002112453,0.077079166,0.100406133
15.53999883,-0.052833851,0.000786688,0.072586166,0.089781881
15.55002083,0.016434139,-0.008271225,-0.015283452,0.023918152
15.56004183,0.027347309,-0.017311422,-0.001813806,0.032416825
15.57006383,-0.009852714,-0.018631815,-0.045673771,0.050302225
15.58008483,-0.018449185,-0.032197136,0.044438839,0.057895064
15.59010683,-0.009212364,-0.04320292,0.057610862,0.072597323
15.60012783,-0.050328095,-0.026078929,0.069435101,0.089634039
15.61014983,-0.073559855,-0.048458644,0.036502998,0.095350728
15.62017083,-0.022456104,-0.05228636,0.009110547,0.057629351
15.63019283,0.074917186,-0.0443449,-0.016034235,0.08852204
15.64021383,-0.016124195,-0.044669585,0.005672969,0.047828277
15.65023583,-0.039184851,-0.038913832,0.052826085,0.076422079
15.66025683,0.015099178,-0.018486968,0.071688618,0.075557998
15.67027712,0.054325626,-0.010004394,0.055522821,0.078320784
15.68029812,-0.031758768,0.005048194,0.005975854,0.032708018
15.69032012,-0.088112387,0.022074865,0.011962234,0.091619798
15.70034113,-0.002139028,0.014356586,-0.017828745,0.022990241
15.71036312,0.058629762,0.017066095,0.029322617,0.067738589
15.72038412,0.021429337,0.039877134,0.051327444,0.068439088
15.73040613,-0.047117997,0.048173912,0.058510748,0.089243146
15.74042712,-0.059410004,0.055344664,0.043541291,0.092132646
15.75044912,-0.016865179,0.055740347,-0.007801355,0.05875612
15.76047012,-0.001337418,0.064753583,-0.00794929,0.065253401
15.77049212,-0.038597608,0.044479505,-0.003157496,0.058976024
15.78051313,-0.022340391,0.006840493,0.057767567,0.062313539
15.79053512,0.007462029,-0.001596655,0.080072356,0.08043515
15.80055613,-0.018113749,-0.002526883,0.053725972,0.056753617
15.81057813,-0.012270373,-0.007022634,0.01765099,0.02261497
15.82059912,0.031887752,-0.014811335,-0.005699866,0.035618715
15.83062112,-0.005328529,-0.028129155,-0.000909827,0.028643854
15.84064212,-0.053907624,-0.026635684,0.011662272,0.061249491
15.85066412,-0.001991738,-0.030756875,0.046838536,0.056069607
15.86068512,0.01517114,-0.030415124,0.049682622,0.060196397
15.87070712,-0.043675522,-0.025261086,0.044891998,0.067534918
15.88072813,-0.009483901,-0.004036991,0.037706355,0.039089779
15.89075013,0.026115367,0.023467389,-0.002702583,0.035214126
15.90077112,-0.056676065,0.053573834,-0.095502573,0.123300745
15.91079312,-0.042107024,0.129328606,0.007787322,0.136233374
15.92081412,0.190235141,0.130173364,0.106879501,0.254082155
15.93083612,-0.031202093,-0.026036153,0.327066346,0.32958132
15.94085712,-0.263083244,-0.111402843,0.168088154,0.331477019
